[2026-05-15 16:29:31,947][ogn_registration][INFO] - Looking for Python nodes to register in omni.kit.pipapi-0.0.0
[2026-05-15 16:29:31,948][ogn_registration][INFO] -  -> Registered nodes from module omni.kit.pipapi at d:\users\arons\robot-learning-rl-project\isaac_so_arm101-main\.venv\lib\site-packages\isaacsim\extscache\omni.kit.pipapi-0.0.0+69cbf6ad
[2026-05-15 16:29:31,948][ogn_registration][INFO] - Registering nodes in d:\users\arons\robot-learning-rl-project\isaac_so_arm101-main\.venv\lib\site-packages\isaacsim\extscache\omni.kit.pipapi-0.0.0+69cbf6ad imported as omni.kit.pipapi with AutoNode config {}
[2026-05-15 16:29:31,948][ogn_registration][INFO] - Registering Python Node Types from omni.kit.pipapi at d:\users\arons\robot-learning-rl-project\isaac_so_arm101-main\.venv\lib\site-packages\isaacsim\extscache\omni.kit.pipapi-0.0.0+69cbf6ad in omni.kit.pipapi
[2026-05-15 16:29:31,949][ogn_registration][INFO] - ========================================================================================================================
[2026-05-15 16:29:31,950][ogn_registration][INFO] - No dependency on omni.graph, therefore no nodes to register in omni.kit.pipapi
[2026-05-15 16:29:31,950][ogn_registration][INFO] - ...None found, no registration to do
[2026-05-15 16:29:31,950][ogn_registration][INFO] - ...Skipping: No OmniGraph presence in the module omni.kit.pipapi - No nodes in this module, do not remember it
[2026-05-15 16:29:31,950][ogn_registration][INFO] - Destroying registration record for omni.kit.pipapi
[2026-05-15 16:29:31,951][ogn_registration][INFO] - OGN register omni.kit.pipapi-0.0.0 took 3255600.000000
[2026-05-15 16:29:31,984][ogn_registration][INFO] - Looking for Python nodes to register in omni.kit.mainwindow-1.0.3
[2026-05-15 16:29:31,985][ogn_registration][INFO] -  -> Registered nodes from module omni.kit.mainwindow at d:\users\arons\robot-learning-rl-project\isaac_so_arm101-main\.venv\lib\site-packages\isaacsim\extscache\omni.kit.mainwindow-1.0.3+69cbf6ad
[2026-05-15 16:29:31,985][ogn_registration][INFO] - Registering nodes in d:\users\arons\robot-learning-rl-project\isaac_so_arm101-main\.venv\lib\site-packages\isaacsim\extscache\omni.kit.mainwindow-1.0.3+69cbf6ad imported as omni.kit.mainwindow with AutoNode config {}
[2026-05-15 16:29:31,985][ogn_registration][INFO] - Registering Python Node Types from omni.kit.mainwindow at d:\users\arons\robot-learning-rl-project\isaac_so_arm101-main\.venv\lib\site-packages\isaacsim\extscache\omni.kit.mainwindow-1.0.3+69cbf6ad in omni.kit.mainwindow
[2026-05-15 16:29:31,985][ogn_registration][INFO] - ========================================================================================================================
[2026-05-15 16:29:31,986][ogn_registration][INFO] - No dependency on omni.graph, therefore no nodes to register in omni.kit.mainwindow
[2026-05-15 16:29:31,986][ogn_registration][INFO] - ...None found, no registration to do
[2026-05-15 16:29:31,987][ogn_registration][INFO] - ...Skipping: No OmniGraph presence in the module omni.kit.mainwindow - No nodes in this module, do not remember it
[2026-05-15 16:29:31,987][ogn_registration][INFO] - Destroying registration record for omni.kit.mainwindow
[2026-05-15 16:29:31,987][ogn_registration][INFO] - OGN register omni.kit.mainwindow-1.0.3 took 2329700.000000
[2026-05-15 16:29:32,034][ogn_registration][INFO] - Looking for Python nodes to register in omni.uiaudio-1.0.0
[2026-05-15 16:29:32,034][ogn_registration][INFO] -  -> Registered nodes from module omni.kit.uiaudio at d:\users\arons\robot-learning-rl-project\isaac_so_arm101-main\.venv\lib\site-packages\isaacsim\extscache\omni.uiaudio-1.0.0+69cbf6ad.wx64.r.cp311
[2026-05-15 16:29:32,035][ogn_registration][INFO] - Registering nodes in d:\users\arons\robot-learning-rl-project\isaac_so_arm101-main\.venv\lib\site-packages\isaacsim\extscache\omni.uiaudio-1.0.0+69cbf6ad.wx64.r.cp311 imported as omni.kit.uiaudio with AutoNode config {}
[2026-05-15 16:29:32,035][ogn_registration][INFO] - Registering Python Node Types from omni.kit.uiaudio at d:\users\arons\robot-learning-rl-project\isaac_so_arm101-main\.venv\lib\site-packages\isaacsim\extscache\omni.uiaudio-1.0.0+69cbf6ad.wx64.r.cp311 in omni.uiaudio
[2026-05-15 16:29:32,035][ogn_registration][INFO] - ========================================================================================================================
[2026-05-15 16:29:32,036][ogn_registration][INFO] - No dependency on omni.graph, therefore no nodes to register in omni.uiaudio
[2026-05-15 16:29:32,036][ogn_registration][INFO] - ...None found, no registration to do
[2026-05-15 16:29:32,036][ogn_registration][INFO] - ...Skipping: No OmniGraph presence in the module omni.kit.uiaudio - No nodes in this module, do not remember it
[2026-05-15 16:29:32,036][ogn_registration][INFO] - Destroying registration record for omni.uiaudio
[2026-05-15 16:29:32,036][ogn_registration][INFO] - OGN register omni.uiaudio-1.0.0 took 2102700.000000
[2026-05-15 16:29:32,038][ogn_registration][INFO] - Looking for Python nodes to register in omni.kit.uiapp-0.0.0
[2026-05-15 16:29:32,038][ogn_registration][INFO] - OGN register omni.kit.uiapp-0.0.0 took 113100.000000
[2026-05-15 16:29:32,259][ogn_registration][INFO] - Looking for Python nodes to register in isaacsim.robot.schema-3.6.0
[2026-05-15 16:29:32,259][ogn_registration][INFO] -  -> Registered nodes from module omni.isaac.RangeSensorSchema at d:\users\arons\robot-learning-rl-project\isaac_so_arm101-main\.venv\lib\site-packages\isaacsim\exts\isaacsim.robot.schema
[2026-05-15 16:29:32,259][ogn_registration][INFO] - Registering nodes in d:\users\arons\robot-learning-rl-project\isaac_so_arm101-main\.venv\lib\site-packages\isaacsim\exts\isaacsim.robot.schema imported as omni.isaac.RangeSensorSchema with AutoNode config {}
[2026-05-15 16:29:32,259][ogn_registration][INFO] - Registering Python Node Types from omni.isaac.RangeSensorSchema at d:\users\arons\robot-learning-rl-project\isaac_so_arm101-main\.venv\lib\site-packages\isaacsim\exts\isaacsim.robot.schema in isaacsim.robot.schema
[2026-05-15 16:29:32,259][ogn_registration][INFO] - ========================================================================================================================
[2026-05-15 16:29:32,260][ogn_registration][INFO] - No dependency on omni.graph, therefore no nodes to register in isaacsim.robot.schema
[2026-05-15 16:29:32,260][ogn_registration][INFO] - ...None found, no registration to do
[2026-05-15 16:29:32,261][ogn_registration][INFO] - ...Skipping: No OmniGraph presence in the module omni.isaac.RangeSensorSchema - No nodes in this module, do not remember it
[2026-05-15 16:29:32,261][ogn_registration][INFO] - Destroying registration record for isaacsim.robot.schema
[2026-05-15 16:29:32,261][ogn_registration][INFO] -  -> Registered nodes from module omni.isaac.IsaacSensorSchema at d:\users\arons\robot-learning-rl-project\isaac_so_arm101-main\.venv\lib\site-packages\isaacsim\exts\isaacsim.robot.schema
[2026-05-15 16:29:32,261][ogn_registration][INFO] - Registering nodes in d:\users\arons\robot-learning-rl-project\isaac_so_arm101-main\.venv\lib\site-packages\isaacsim\exts\isaacsim.robot.schema imported as omni.isaac.IsaacSensorSchema with AutoNode config {}
[2026-05-15 16:29:32,261][ogn_registration][INFO] - Registering Python Node Types from omni.isaac.IsaacSensorSchema at d:\users\arons\robot-learning-rl-project\isaac_so_arm101-main\.venv\lib\site-packages\isaacsim\exts\isaacsim.robot.schema in isaacsim.robot.schema
[2026-05-15 16:29:32,261][ogn_registration][INFO] - ========================================================================================================================
[2026-05-15 16:29:32,262][ogn_registration][INFO] - No dependency on omni.graph, therefore no nodes to register in isaacsim.robot.schema
[2026-05-15 16:29:32,262][ogn_registration][INFO] - ...None found, no registration to do
[2026-05-15 16:29:32,262][ogn_registration][INFO] - ...Skipping: No OmniGraph presence in the module omni.isaac.IsaacSensorSchema - No nodes in this module, do not remember it
[2026-05-15 16:29:32,263][ogn_registration][INFO] - Destroying registration record for isaacsim.robot.schema
[2026-05-15 16:29:32,263][ogn_registration][INFO] -  -> Registered nodes from module usd.schema.isaac at d:\users\arons\robot-learning-rl-project\isaac_so_arm101-main\.venv\lib\site-packages\isaacsim\exts\isaacsim.robot.schema
[2026-05-15 16:29:32,263][ogn_registration][INFO] - Registering nodes in d:\users\arons\robot-learning-rl-project\isaac_so_arm101-main\.venv\lib\site-packages\isaacsim\exts\isaacsim.robot.schema imported as usd.schema.isaac with AutoNode config {}
[2026-05-15 16:29:32,263][ogn_registration][INFO] - Registering Python Node Types from usd.schema.isaac at d:\users\arons\robot-learning-rl-project\isaac_so_arm101-main\.venv\lib\site-packages\isaacsim\exts\isaacsim.robot.schema in isaacsim.robot.schema
[2026-05-15 16:29:32,263][ogn_registration][INFO] - ========================================================================================================================
[2026-05-15 16:29:32,264][ogn_registration][INFO] - No dependency on omni.graph, therefore no nodes to register in isaacsim.robot.schema
[2026-05-15 16:29:32,264][ogn_registration][INFO] - ...None found, no registration to do
[2026-05-15 16:29:32,265][ogn_registration][INFO] - ...Skipping: No OmniGraph presence in the module usd.schema.isaac - No nodes in this module, do not remember it
[2026-05-15 16:29:32,265][ogn_registration][INFO] - Destroying registration record for isaacsim.robot.schema
[2026-05-15 16:29:32,265][ogn_registration][INFO] - OGN register isaacsim.robot.schema-3.6.0 took 6133600.000000
[2026-05-15 16:29:32,450][ogn_registration][INFO] - Looking for Python nodes to register in omni.kit.asset_converter-5.0.17
[2026-05-15 16:29:32,450][ogn_registration][INFO] -  -> Registered nodes from module asset_converter_native_bindings at d:\users\arons\robot-learning-rl-project\isaac_so_arm101-main\.venv\lib\site-packages\isaacsim\extscache\omni.kit.asset_converter-5.0.17+107.3.1.wx64.r.cp311.u353
[2026-05-15 16:29:32,450][ogn_registration][INFO] - Registering nodes in d:\users\arons\robot-learning-rl-project\isaac_so_arm101-main\.venv\lib\site-packages\isaacsim\extscache\omni.kit.asset_converter-5.0.17+107.3.1.wx64.r.cp311.u353 imported as asset_converter_native_bindings with AutoNode config {}
[2026-05-15 16:29:32,450][ogn_registration][INFO] - Registering Python Node Types from asset_converter_native_bindings at d:\users\arons\robot-learning-rl-project\isaac_so_arm101-main\.venv\lib\site-packages\isaacsim\extscache\omni.kit.asset_converter-5.0.17+107.3.1.wx64.r.cp311.u353 in omni.kit.asset_converter
[2026-05-15 16:29:32,451][ogn_registration][INFO] - ========================================================================================================================
[2026-05-15 16:29:32,451][ogn_registration][INFO] - No dependency on omni.graph, therefore no nodes to register in omni.kit.asset_converter
[2026-05-15 16:29:32,452][ogn_registration][INFO] - ...None found, no registration to do
[2026-05-15 16:29:32,452][ogn_registration][INFO] - ...Skipping: No OmniGraph presence in the module asset_converter_native_bindings - No nodes in this module, do not remember it
[2026-05-15 16:29:32,452][ogn_registration][INFO] - Destroying registration record for omni.kit.asset_converter
[2026-05-15 16:29:32,452][ogn_registration][INFO] -  -> Registered nodes from module omni.kit.asset_converter at d:\users\arons\robot-learning-rl-project\isaac_so_arm101-main\.venv\lib\site-packages\isaacsim\extscache\omni.kit.asset_converter-5.0.17+107.3.1.wx64.r.cp311.u353
[2026-05-15 16:29:32,452][ogn_registration][INFO] - Registering nodes in d:\users\arons\robot-learning-rl-project\isaac_so_arm101-main\.venv\lib\site-packages\isaacsim\extscache\omni.kit.asset_converter-5.0.17+107.3.1.wx64.r.cp311.u353 imported as omni.kit.asset_converter with AutoNode config {}
[2026-05-15 16:29:32,453][ogn_registration][INFO] - Registering Python Node Types from omni.kit.asset_converter at d:\users\arons\robot-learning-rl-project\isaac_so_arm101-main\.venv\lib\site-packages\isaacsim\extscache\omni.kit.asset_converter-5.0.17+107.3.1.wx64.r.cp311.u353 in omni.kit.asset_converter
[2026-05-15 16:29:32,453][ogn_registration][INFO] - ========================================================================================================================
[2026-05-15 16:29:32,454][ogn_registration][INFO] - No dependency on omni.graph, therefore no nodes to register in omni.kit.asset_converter
[2026-05-15 16:29:32,454][ogn_registration][INFO] - ...None found, no registration to do
[2026-05-15 16:29:32,454][ogn_registration][INFO] - ...Skipping: No OmniGraph presence in the module omni.kit.asset_converter - No nodes in this module, do not remember it
[2026-05-15 16:29:32,454][ogn_registration][INFO] - Destroying registration record for omni.kit.asset_converter
[2026-05-15 16:29:32,454][ogn_registration][INFO] - OGN register omni.kit.asset_converter-5.0.17 took 4607700.000000
[2026-05-15 16:29:32,547][ogn_registration][INFO] - Looking for Python nodes to register in omni.kit.window.drop_support-1.0.5
[2026-05-15 16:29:32,547][ogn_registration][INFO] -  -> Registered nodes from module omni.kit.window.drop_support at d:\users\arons\robot-learning-rl-project\isaac_so_arm101-main\.venv\lib\site-packages\isaacsim\extscache\omni.kit.window.drop_support-1.0.5+69cbf6ad
[2026-05-15 16:29:32,548][ogn_registration][INFO] - Registering nodes in d:\users\arons\robot-learning-rl-project\isaac_so_arm101-main\.venv\lib\site-packages\isaacsim\extscache\omni.kit.window.drop_support-1.0.5+69cbf6ad imported as omni.kit.window.drop_support with AutoNode config {}
[2026-05-15 16:29:32,548][ogn_registration][INFO] - Registering Python Node Types from omni.kit.window.drop_support at d:\users\arons\robot-learning-rl-project\isaac_so_arm101-main\.venv\lib\site-packages\isaacsim\extscache\omni.kit.window.drop_support-1.0.5+69cbf6ad in omni.kit.window.drop_support
[2026-05-15 16:29:32,548][ogn_registration][INFO] - ========================================================================================================================
[2026-05-15 16:29:32,549][ogn_registration][INFO] - No dependency on omni.graph, therefore no nodes to register in omni.kit.window.drop_support
[2026-05-15 16:29:32,549][ogn_registration][INFO] - ...None found, no registration to do
[2026-05-15 16:29:32,549][ogn_registration][INFO] - ...Skipping: No OmniGraph presence in the module omni.kit.window.drop_support - No nodes in this module, do not remember it
[2026-05-15 16:29:32,549][ogn_registration][INFO] - Destroying registration record for omni.kit.window.drop_support
[2026-05-15 16:29:32,549][ogn_registration][INFO] - OGN register omni.kit.window.drop_support-1.0.5 took 2182100.000000
[2026-05-15 16:29:32,586][ogn_registration][INFO] - Looking for Python nodes to register in omni.kit.window.file_importer-1.1.18
[2026-05-15 16:29:32,587][ogn_registration][INFO] -  -> Registered nodes from module omni.kit.window.file_importer at d:\users\arons\robot-learning-rl-project\isaac_so_arm101-main\.venv\lib\site-packages\isaacsim\extscache\omni.kit.window.file_importer-1.1.18+69cbf6ad
[2026-05-15 16:29:32,587][ogn_registration][INFO] - Registering nodes in d:\users\arons\robot-learning-rl-project\isaac_so_arm101-main\.venv\lib\site-packages\isaacsim\extscache\omni.kit.window.file_importer-1.1.18+69cbf6ad imported as omni.kit.window.file_importer with AutoNode config {}
[2026-05-15 16:29:32,587][ogn_registration][INFO] - Registering Python Node Types from omni.kit.window.file_importer at d:\users\arons\robot-learning-rl-project\isaac_so_arm101-main\.venv\lib\site-packages\isaacsim\extscache\omni.kit.window.file_importer-1.1.18+69cbf6ad in omni.kit.window.file_importer
[2026-05-15 16:29:32,588][ogn_registration][INFO] - ========================================================================================================================
[2026-05-15 16:29:32,589][ogn_registration][INFO] - No dependency on omni.graph, therefore no nodes to register in omni.kit.window.file_importer
[2026-05-15 16:29:32,589][ogn_registration][INFO] - ...None found, no registration to do
[2026-05-15 16:29:32,589][ogn_registration][INFO] - ...Skipping: No OmniGraph presence in the module omni.kit.window.file_importer - No nodes in this module, do not remember it
[2026-05-15 16:29:32,590][ogn_registration][INFO] - Destroying registration record for omni.kit.window.file_importer
[2026-05-15 16:29:32,590][ogn_registration][INFO] - OGN register omni.kit.window.file_importer-1.1.18 took 3046600.000000
[2026-05-15 16:29:32,657][ogn_registration][INFO] - Looking for Python nodes to register in omni.ui_query-1.1.8
[2026-05-15 16:29:32,658][ogn_registration][INFO] -  -> Registered nodes from module omni.ui_query at d:\users\arons\robot-learning-rl-project\isaac_so_arm101-main\.venv\lib\site-packages\isaacsim\extscache\omni.ui_query-1.1.8+69cbf6ad
[2026-05-15 16:29:32,658][ogn_registration][INFO] - Registering nodes in d:\users\arons\robot-learning-rl-project\isaac_so_arm101-main\.venv\lib\site-packages\isaacsim\extscache\omni.ui_query-1.1.8+69cbf6ad imported as omni.ui_query with AutoNode config {}
[2026-05-15 16:29:32,658][ogn_registration][INFO] - Registering Python Node Types from omni.ui_query at d:\users\arons\robot-learning-rl-project\isaac_so_arm101-main\.venv\lib\site-packages\isaacsim\extscache\omni.ui_query-1.1.8+69cbf6ad in omni.ui_query
[2026-05-15 16:29:32,658][ogn_registration][INFO] - ========================================================================================================================
[2026-05-15 16:29:32,659][ogn_registration][INFO] - No dependency on omni.graph, therefore no nodes to register in omni.ui_query
[2026-05-15 16:29:32,659][ogn_registration][INFO] - ...None found, no registration to do
[2026-05-15 16:29:32,659][ogn_registration][INFO] - ...Skipping: No OmniGraph presence in the module omni.ui_query - No nodes in this module, do not remember it
[2026-05-15 16:29:32,660][ogn_registration][INFO] - Destroying registration record for omni.ui_query
[2026-05-15 16:29:32,660][ogn_registration][INFO] - OGN register omni.ui_query-1.1.8 took 2323100.000000
[2026-05-15 16:29:32,712][ogn_registration][INFO] - Looking for Python nodes to register in omni.kit.ui_test-1.3.7
[2026-05-15 16:29:32,712][ogn_registration][INFO] -  -> Registered nodes from module omni.kit.ui_test at d:\users\arons\robot-learning-rl-project\isaac_so_arm101-main\.venv\lib\site-packages\isaacsim\extscache\omni.kit.ui_test-1.3.7+69cbf6ad
[2026-05-15 16:29:32,712][ogn_registration][INFO] - Registering nodes in d:\users\arons\robot-learning-rl-project\isaac_so_arm101-main\.venv\lib\site-packages\isaacsim\extscache\omni.kit.ui_test-1.3.7+69cbf6ad imported as omni.kit.ui_test with AutoNode config {}
[2026-05-15 16:29:32,713][ogn_registration][INFO] - Registering Python Node Types from omni.kit.ui_test at d:\users\arons\robot-learning-rl-project\isaac_so_arm101-main\.venv\lib\site-packages\isaacsim\extscache\omni.kit.ui_test-1.3.7+69cbf6ad in omni.kit.ui_test
[2026-05-15 16:29:32,713][ogn_registration][INFO] - ========================================================================================================================
[2026-05-15 16:29:32,714][ogn_registration][INFO] - No dependency on omni.graph, therefore no nodes to register in omni.kit.ui_test
[2026-05-15 16:29:32,714][ogn_registration][INFO] - ...None found, no registration to do
[2026-05-15 16:29:32,714][ogn_registration][INFO] - ...Skipping: No OmniGraph presence in the module omni.kit.ui_test - No nodes in this module, do not remember it
[2026-05-15 16:29:32,715][ogn_registration][INFO] - Destroying registration record for omni.kit.ui_test
[2026-05-15 16:29:32,715][ogn_registration][INFO] - OGN register omni.kit.ui_test-1.3.7 took 2158700.000000
[2026-05-15 16:29:32,768][ogn_registration][INFO] - Looking for Python nodes to register in omni.kit.usd.collect-2.4.5
[2026-05-15 16:29:32,769][ogn_registration][INFO] -  -> Registered nodes from module omni.kit.usd.collect at d:\users\arons\robot-learning-rl-project\isaac_so_arm101-main\.venv\lib\site-packages\isaacsim\extscache\omni.kit.usd.collect-2.4.5+69cbf6ad
[2026-05-15 16:29:32,769][ogn_registration][INFO] - Registering nodes in d:\users\arons\robot-learning-rl-project\isaac_so_arm101-main\.venv\lib\site-packages\isaacsim\extscache\omni.kit.usd.collect-2.4.5+69cbf6ad imported as omni.kit.usd.collect with AutoNode config {}
[2026-05-15 16:29:32,770][ogn_registration][INFO] - Registering Python Node Types from omni.kit.usd.collect at d:\users\arons\robot-learning-rl-project\isaac_so_arm101-main\.venv\lib\site-packages\isaacsim\extscache\omni.kit.usd.collect-2.4.5+69cbf6ad in omni.kit.usd.collect
[2026-05-15 16:29:32,770][ogn_registration][INFO] - ========================================================================================================================
[2026-05-15 16:29:32,771][ogn_registration][INFO] - No dependency on omni.graph, therefore no nodes to register in omni.kit.usd.collect
[2026-05-15 16:29:32,771][ogn_registration][INFO] - ...None found, no registration to do
[2026-05-15 16:29:32,771][ogn_registration][INFO] - ...Skipping: No OmniGraph presence in the module omni.kit.usd.collect - No nodes in this module, do not remember it
[2026-05-15 16:29:32,771][ogn_registration][INFO] - Destroying registration record for omni.kit.usd.collect
[2026-05-15 16:29:32,772][ogn_registration][INFO] - OGN register omni.kit.usd.collect-2.4.5 took 2861200.000000
[2026-05-15 16:29:32,839][ogn_registration][INFO] - Looking for Python nodes to register in omni.kit.window.file-2.0.5
[2026-05-15 16:29:32,840][ogn_registration][INFO] -  -> Registered nodes from module omni.kit.window.file at d:\users\arons\robot-learning-rl-project\isaac_so_arm101-main\.venv\lib\site-packages\isaacsim\extscache\omni.kit.window.file-2.0.5+69cbf6ad
[2026-05-15 16:29:32,840][ogn_registration][INFO] - Registering nodes in d:\users\arons\robot-learning-rl-project\isaac_so_arm101-main\.venv\lib\site-packages\isaacsim\extscache\omni.kit.window.file-2.0.5+69cbf6ad imported as omni.kit.window.file with AutoNode config {}
[2026-05-15 16:29:32,840][ogn_registration][INFO] - Registering Python Node Types from omni.kit.window.file at d:\users\arons\robot-learning-rl-project\isaac_so_arm101-main\.venv\lib\site-packages\isaacsim\extscache\omni.kit.window.file-2.0.5+69cbf6ad in omni.kit.window.file
[2026-05-15 16:29:32,840][ogn_registration][INFO] - ========================================================================================================================
[2026-05-15 16:29:32,841][ogn_registration][INFO] - No dependency on omni.graph, therefore no nodes to register in omni.kit.window.file
[2026-05-15 16:29:32,842][ogn_registration][INFO] - ...None found, no registration to do
[2026-05-15 16:29:32,842][ogn_registration][INFO] - ...Skipping: No OmniGraph presence in the module omni.kit.window.file - No nodes in this module, do not remember it
[2026-05-15 16:29:32,842][ogn_registration][INFO] - Destroying registration record for omni.kit.window.file
[2026-05-15 16:29:32,842][ogn_registration][INFO] - OGN register omni.kit.window.file-2.0.5 took 2573200.000000
[2026-05-15 16:29:32,846][ogn_registration][INFO] - Looking for Python nodes to register in omni.kit.window.content_browser_registry-0.0.6
[2026-05-15 16:29:32,847][ogn_registration][INFO] -  -> Registered nodes from module omni.kit.window.content_browser_registry at d:\users\arons\robot-learning-rl-project\isaac_so_arm101-main\.venv\lib\site-packages\isaacsim\extscache\omni.kit.window.content_browser_registry-0.0.6+69cbf6ad
[2026-05-15 16:29:32,847][ogn_registration][INFO] - Registering nodes in d:\users\arons\robot-learning-rl-project\isaac_so_arm101-main\.venv\lib\site-packages\isaacsim\extscache\omni.kit.window.content_browser_registry-0.0.6+69cbf6ad imported as omni.kit.window.content_browser_registry with AutoNode config {}
[2026-05-15 16:29:32,847][ogn_registration][INFO] - Registering Python Node Types from omni.kit.window.content_browser_registry at d:\users\arons\robot-learning-rl-project\isaac_so_arm101-main\.venv\lib\site-packages\isaacsim\extscache\omni.kit.window.content_browser_registry-0.0.6+69cbf6ad in omni.kit.window.content_browser_registry
[2026-05-15 16:29:32,847][ogn_registration][INFO] - ========================================================================================================================
[2026-05-15 16:29:32,849][ogn_registration][INFO] - No dependency on omni.graph, therefore no nodes to register in omni.kit.window.content_browser_registry
[2026-05-15 16:29:32,849][ogn_registration][INFO] - ...None found, no registration to do
[2026-05-15 16:29:32,849][ogn_registration][INFO] - ...Skipping: No OmniGraph presence in the module omni.kit.window.content_browser_registry - No nodes in this module, do not remember it
[2026-05-15 16:29:32,850][ogn_registration][INFO] - Destroying registration record for omni.kit.window.content_browser_registry
[2026-05-15 16:29:32,850][ogn_registration][INFO] - OGN register omni.kit.window.content_browser_registry-0.0.6 took 3145900.000000
[2026-05-15 16:29:32,865][ogn_registration][INFO] - Looking for Python nodes to register in omni.kit.widget.highlight_label-1.0.3
[2026-05-15 16:29:32,865][ogn_registration][INFO] -  -> Registered nodes from module omni.kit.widget.highlight_label at d:\users\arons\robot-learning-rl-project\isaac_so_arm101-main\.venv\lib\site-packages\isaacsim\extscache\omni.kit.widget.highlight_label-1.0.3+69cbf6ad
[2026-05-15 16:29:32,866][ogn_registration][INFO] - Registering nodes in d:\users\arons\robot-learning-rl-project\isaac_so_arm101-main\.venv\lib\site-packages\isaacsim\extscache\omni.kit.widget.highlight_label-1.0.3+69cbf6ad imported as omni.kit.widget.highlight_label with AutoNode config {}
[2026-05-15 16:29:32,866][ogn_registration][INFO] - Registering Python Node Types from omni.kit.widget.highlight_label at d:\users\arons\robot-learning-rl-project\isaac_so_arm101-main\.venv\lib\site-packages\isaacsim\extscache\omni.kit.widget.highlight_label-1.0.3+69cbf6ad in omni.kit.widget.highlight_label
[2026-05-15 16:29:32,866][ogn_registration][INFO] - ========================================================================================================================
[2026-05-15 16:29:32,867][ogn_registration][INFO] - No dependency on omni.graph, therefore no nodes to register in omni.kit.widget.highlight_label
[2026-05-15 16:29:32,867][ogn_registration][INFO] - ...None found, no registration to do
[2026-05-15 16:29:32,868][ogn_registration][INFO] - ...Skipping: No OmniGraph presence in the module omni.kit.widget.highlight_label - No nodes in this module, do not remember it
[2026-05-15 16:29:32,868][ogn_registration][INFO] - Destroying registration record for omni.kit.widget.highlight_label
[2026-05-15 16:29:32,868][ogn_registration][INFO] - OGN register omni.kit.widget.highlight_label-1.0.3 took 3006300.000000
[2026-05-15 16:29:32,899][ogn_registration][INFO] - Looking for Python nodes to register in omni.kit.property.adapter.core-1.0.2
[2026-05-15 16:29:32,899][ogn_registration][INFO] -  -> Registered nodes from module omni.kit.property.adapter.core at d:\users\arons\robot-learning-rl-project\isaac_so_arm101-main\.venv\lib\site-packages\isaacsim\extscache\omni.kit.property.adapter.core-1.0.2+69cbf6ad
[2026-05-15 16:29:32,900][ogn_registration][INFO] - Registering nodes in d:\users\arons\robot-learning-rl-project\isaac_so_arm101-main\.venv\lib\site-packages\isaacsim\extscache\omni.kit.property.adapter.core-1.0.2+69cbf6ad imported as omni.kit.property.adapter.core with AutoNode config {}
[2026-05-15 16:29:32,900][ogn_registration][INFO] - Registering Python Node Types from omni.kit.property.adapter.core at d:\users\arons\robot-learning-rl-project\isaac_so_arm101-main\.venv\lib\site-packages\isaacsim\extscache\omni.kit.property.adapter.core-1.0.2+69cbf6ad in omni.kit.property.adapter.core
[2026-05-15 16:29:32,901][ogn_registration][INFO] - ========================================================================================================================
[2026-05-15 16:29:32,902][ogn_registration][INFO] - No dependency on omni.graph, therefore no nodes to register in omni.kit.property.adapter.core
[2026-05-15 16:29:32,903][ogn_registration][INFO] - ...None found, no registration to do
[2026-05-15 16:29:32,903][ogn_registration][INFO] - ...Skipping: No OmniGraph presence in the module omni.kit.property.adapter.core - No nodes in this module, do not remember it
[2026-05-15 16:29:32,903][ogn_registration][INFO] - Destroying registration record for omni.kit.property.adapter.core
[2026-05-15 16:29:32,903][ogn_registration][INFO] - OGN register omni.kit.property.adapter.core-1.0.2 took 4366100.000000
[2026-05-15 16:29:33,016][ogn_registration][INFO] - Looking for Python nodes to register in omni.kit.window.content_browser-3.1.3
[2026-05-15 16:29:33,017][ogn_registration][INFO] -  -> Registered nodes from module omni.kit.window.content_browser at d:\users\arons\robot-learning-rl-project\isaac_so_arm101-main\.venv\lib\site-packages\isaacsim\extscache\omni.kit.window.content_browser-3.1.3+69cbf6ad
[2026-05-15 16:29:33,017][ogn_registration][INFO] - Registering nodes in d:\users\arons\robot-learning-rl-project\isaac_so_arm101-main\.venv\lib\site-packages\isaacsim\extscache\omni.kit.window.content_browser-3.1.3+69cbf6ad imported as omni.kit.window.content_browser with AutoNode config {}
[2026-05-15 16:29:33,018][ogn_registration][INFO] - Registering Python Node Types from omni.kit.window.content_browser at d:\users\arons\robot-learning-rl-project\isaac_so_arm101-main\.venv\lib\site-packages\isaacsim\extscache\omni.kit.window.content_browser-3.1.3+69cbf6ad in omni.kit.window.content_browser
[2026-05-15 16:29:33,018][ogn_registration][INFO] - ========================================================================================================================
[2026-05-15 16:29:33,021][ogn_registration][INFO] - No dependency on omni.graph, therefore no nodes to register in omni.kit.window.content_browser
[2026-05-15 16:29:33,021][ogn_registration][INFO] - ...None found, no registration to do
[2026-05-15 16:29:33,021][ogn_registration][INFO] - ...Skipping: No OmniGraph presence in the module omni.kit.window.content_browser - No nodes in this module, do not remember it
[2026-05-15 16:29:33,021][ogn_registration][INFO] - Destroying registration record for omni.kit.window.content_browser
[2026-05-15 16:29:33,022][ogn_registration][INFO] - OGN register omni.kit.window.content_browser-3.1.3 took 4862500.000000
[2026-05-15 16:29:33,075][ogn_registration][INFO] - Looking for Python nodes to register in omni.kit.window.property-1.12.1
[2026-05-15 16:29:33,075][ogn_registration][INFO] -  -> Registered nodes from module omni.kit.window.property at d:\users\arons\robot-learning-rl-project\isaac_so_arm101-main\.venv\lib\site-packages\isaacsim\extscache\omni.kit.window.property-1.12.1+69cbf6ad
[2026-05-15 16:29:33,075][ogn_registration][INFO] - Registering nodes in d:\users\arons\robot-learning-rl-project\isaac_so_arm101-main\.venv\lib\site-packages\isaacsim\extscache\omni.kit.window.property-1.12.1+69cbf6ad imported as omni.kit.window.property with AutoNode config {}
[2026-05-15 16:29:33,075][ogn_registration][INFO] - Registering Python Node Types from omni.kit.window.property at d:\users\arons\robot-learning-rl-project\isaac_so_arm101-main\.venv\lib\site-packages\isaacsim\extscache\omni.kit.window.property-1.12.1+69cbf6ad in omni.kit.window.property
[2026-05-15 16:29:33,075][ogn_registration][INFO] - ========================================================================================================================
[2026-05-15 16:29:33,077][ogn_registration][INFO] - No dependency on omni.graph, therefore no nodes to register in omni.kit.window.property
[2026-05-15 16:29:33,077][ogn_registration][INFO] - ...None found, no registration to do
[2026-05-15 16:29:33,077][ogn_registration][INFO] - ...Skipping: No OmniGraph presence in the module omni.kit.window.property - No nodes in this module, do not remember it
[2026-05-15 16:29:33,077][ogn_registration][INFO] - Destroying registration record for omni.kit.window.property
[2026-05-15 16:29:33,077][ogn_registration][INFO] - OGN register omni.kit.window.property-1.12.1 took 2426600.000000
[2026-05-15 16:29:33,097][ogn_registration][INFO] - Looking for Python nodes to register in omni.kit.property.adapter.usd-1.0.2
[2026-05-15 16:29:33,097][ogn_registration][INFO] -  -> Registered nodes from module omni.kit.property.adapter.usd at d:\users\arons\robot-learning-rl-project\isaac_so_arm101-main\.venv\lib\site-packages\isaacsim\extscache\omni.kit.property.adapter.usd-1.0.2+69cbf6ad
[2026-05-15 16:29:33,097][ogn_registration][INFO] - Registering nodes in d:\users\arons\robot-learning-rl-project\isaac_so_arm101-main\.venv\lib\site-packages\isaacsim\extscache\omni.kit.property.adapter.usd-1.0.2+69cbf6ad imported as omni.kit.property.adapter.usd with AutoNode config {}
[2026-05-15 16:29:33,098][ogn_registration][INFO] - Registering Python Node Types from omni.kit.property.adapter.usd at d:\users\arons\robot-learning-rl-project\isaac_so_arm101-main\.venv\lib\site-packages\isaacsim\extscache\omni.kit.property.adapter.usd-1.0.2+69cbf6ad in omni.kit.property.adapter.usd
[2026-05-15 16:29:33,098][ogn_registration][INFO] - ========================================================================================================================
[2026-05-15 16:29:33,099][ogn_registration][INFO] - No dependency on omni.graph, therefore no nodes to register in omni.kit.property.adapter.usd
[2026-05-15 16:29:33,099][ogn_registration][INFO] - ...None found, no registration to do
[2026-05-15 16:29:33,099][ogn_registration][INFO] - ...Skipping: No OmniGraph presence in the module omni.kit.property.adapter.usd - No nodes in this module, do not remember it
[2026-05-15 16:29:33,099][ogn_registration][INFO] - Destroying registration record for omni.kit.property.adapter.usd
[2026-05-15 16:29:33,100][ogn_registration][INFO] - OGN register omni.kit.property.adapter.usd-1.0.2 took 2740200.000000
[2026-05-15 16:29:33,118][ogn_registration][INFO] - Looking for Python nodes to register in omni.kit.property.adapter.fabric-1.0.3
[2026-05-15 16:29:33,118][ogn_registration][INFO] -  -> Registered nodes from module omni.kit.property.adapter.fabric at d:\users\arons\robot-learning-rl-project\isaac_so_arm101-main\.venv\lib\site-packages\isaacsim\extscache\omni.kit.property.adapter.fabric-1.0.3+69cbf6ad
[2026-05-15 16:29:33,118][ogn_registration][INFO] - Registering nodes in d:\users\arons\robot-learning-rl-project\isaac_so_arm101-main\.venv\lib\site-packages\isaacsim\extscache\omni.kit.property.adapter.fabric-1.0.3+69cbf6ad imported as omni.kit.property.adapter.fabric with AutoNode config {}
[2026-05-15 16:29:33,118][ogn_registration][INFO] - Registering Python Node Types from omni.kit.property.adapter.fabric at d:\users\arons\robot-learning-rl-project\isaac_so_arm101-main\.venv\lib\site-packages\isaacsim\extscache\omni.kit.property.adapter.fabric-1.0.3+69cbf6ad in omni.kit.property.adapter.fabric
[2026-05-15 16:29:33,118][ogn_registration][INFO] - ========================================================================================================================
[2026-05-15 16:29:33,120][ogn_registration][INFO] - No dependency on omni.graph, therefore no nodes to register in omni.kit.property.adapter.fabric
[2026-05-15 16:29:33,120][ogn_registration][INFO] - ...None found, no registration to do
[2026-05-15 16:29:33,120][ogn_registration][INFO] - ...Skipping: No OmniGraph presence in the module omni.kit.property.adapter.fabric - No nodes in this module, do not remember it
[2026-05-15 16:29:33,120][ogn_registration][INFO] - Destroying registration record for omni.kit.property.adapter.fabric
[2026-05-15 16:29:33,120][ogn_registration][INFO] - OGN register omni.kit.property.adapter.fabric-1.0.3 took 2408100.000000
[2026-05-15 16:29:33,125][ogn_registration][INFO] - Looking for Python nodes to register in omni.kit.widget.prompt-1.0.7
[2026-05-15 16:29:33,126][ogn_registration][INFO] -  -> Registered nodes from module omni.kit.widget.prompt at d:\users\arons\robot-learning-rl-project\isaac_so_arm101-main\.venv\lib\site-packages\isaacsim\extscache\omni.kit.widget.prompt-1.0.7+69cbf6ad
[2026-05-15 16:29:33,126][ogn_registration][INFO] - Registering nodes in d:\users\arons\robot-learning-rl-project\isaac_so_arm101-main\.venv\lib\site-packages\isaacsim\extscache\omni.kit.widget.prompt-1.0.7+69cbf6ad imported as omni.kit.widget.prompt with AutoNode config {}
[2026-05-15 16:29:33,126][ogn_registration][INFO] - Registering Python Node Types from omni.kit.widget.prompt at d:\users\arons\robot-learning-rl-project\isaac_so_arm101-main\.venv\lib\site-packages\isaacsim\extscache\omni.kit.widget.prompt-1.0.7+69cbf6ad in omni.kit.widget.prompt
[2026-05-15 16:29:33,126][ogn_registration][INFO] - ========================================================================================================================
[2026-05-15 16:29:33,128][ogn_registration][INFO] - No dependency on omni.graph, therefore no nodes to register in omni.kit.widget.prompt
[2026-05-15 16:29:33,128][ogn_registration][INFO] - ...None found, no registration to do
[2026-05-15 16:29:33,128][ogn_registration][INFO] - ...Skipping: No OmniGraph presence in the module omni.kit.widget.prompt - No nodes in this module, do not remember it
[2026-05-15 16:29:33,128][ogn_registration][INFO] - Destroying registration record for omni.kit.widget.prompt
[2026-05-15 16:29:33,128][ogn_registration][INFO] - OGN register omni.kit.widget.prompt-1.0.7 took 2422000.000000
[2026-05-15 16:29:33,417][ogn_registration][INFO] - Looking for Python nodes to register in omni.kit.property.usd-4.5.12
[2026-05-15 16:29:33,418][ogn_registration][INFO] -  -> Registered nodes from module omni.kit.property.usd at d:\users\arons\robot-learning-rl-project\isaac_so_arm101-main\.venv\lib\site-packages\isaacsim\extscache\omni.kit.property.usd-4.5.12+69cbf6ad
[2026-05-15 16:29:33,418][ogn_registration][INFO] - Registering nodes in d:\users\arons\robot-learning-rl-project\isaac_so_arm101-main\.venv\lib\site-packages\isaacsim\extscache\omni.kit.property.usd-4.5.12+69cbf6ad imported as omni.kit.property.usd with AutoNode config {}
[2026-05-15 16:29:33,418][ogn_registration][INFO] - Registering Python Node Types from omni.kit.property.usd at d:\users\arons\robot-learning-rl-project\isaac_so_arm101-main\.venv\lib\site-packages\isaacsim\extscache\omni.kit.property.usd-4.5.12+69cbf6ad in omni.kit.property.usd
[2026-05-15 16:29:33,418][ogn_registration][INFO] - ========================================================================================================================
[2026-05-15 16:29:33,420][ogn_registration][INFO] - No dependency on omni.graph, therefore no nodes to register in omni.kit.property.usd
[2026-05-15 16:29:33,420][ogn_registration][INFO] - ...None found, no registration to do
[2026-05-15 16:29:33,420][ogn_registration][INFO] - ...Skipping: No OmniGraph presence in the module omni.kit.property.usd - No nodes in this module, do not remember it
[2026-05-15 16:29:33,421][ogn_registration][INFO] - Destroying registration record for omni.kit.property.usd
[2026-05-15 16:29:33,421][ogn_registration][INFO] - OGN register omni.kit.property.usd-4.5.12 took 3157600.000000
[2026-05-15 16:29:33,441][ogn_registration][INFO] - Looking for Python nodes to register in omni.kit.usdz_export-1.0.9
[2026-05-15 16:29:33,442][ogn_registration][INFO] -  -> Registered nodes from module omni.kit.usdz_export at d:\users\arons\robot-learning-rl-project\isaac_so_arm101-main\.venv\lib\site-packages\isaacsim\extscache\omni.kit.usdz_export-1.0.9+69cbf6ad
[2026-05-15 16:29:33,442][ogn_registration][INFO] - Registering nodes in d:\users\arons\robot-learning-rl-project\isaac_so_arm101-main\.venv\lib\site-packages\isaacsim\extscache\omni.kit.usdz_export-1.0.9+69cbf6ad imported as omni.kit.usdz_export with AutoNode config {}
[2026-05-15 16:29:33,442][ogn_registration][INFO] - Registering Python Node Types from omni.kit.usdz_export at d:\users\arons\robot-learning-rl-project\isaac_so_arm101-main\.venv\lib\site-packages\isaacsim\extscache\omni.kit.usdz_export-1.0.9+69cbf6ad in omni.kit.usdz_export
[2026-05-15 16:29:33,442][ogn_registration][INFO] - ========================================================================================================================
[2026-05-15 16:29:33,443][ogn_registration][INFO] - No dependency on omni.graph, therefore no nodes to register in omni.kit.usdz_export
[2026-05-15 16:29:33,443][ogn_registration][INFO] - ...None found, no registration to do
[2026-05-15 16:29:33,444][ogn_registration][INFO] - ...Skipping: No OmniGraph presence in the module omni.kit.usdz_export - No nodes in this module, do not remember it
[2026-05-15 16:29:33,444][ogn_registration][INFO] - Destroying registration record for omni.kit.usdz_export
[2026-05-15 16:29:33,444][ogn_registration][INFO] - OGN register omni.kit.usdz_export-1.0.9 took 2684100.000000
[2026-05-15 16:29:33,553][ogn_registration][INFO] - Looking for Python nodes to register in omni.kit.tool.asset_importer-4.3.2
[2026-05-15 16:29:33,554][ogn_registration][INFO] -  -> Registered nodes from module omni.kit.tool.asset_importer at d:\users\arons\robot-learning-rl-project\isaac_so_arm101-main\.venv\lib\site-packages\isaacsim\extscache\omni.kit.tool.asset_importer-4.3.2+107.0.3
[2026-05-15 16:29:33,554][ogn_registration][INFO] - Registering nodes in d:\users\arons\robot-learning-rl-project\isaac_so_arm101-main\.venv\lib\site-packages\isaacsim\extscache\omni.kit.tool.asset_importer-4.3.2+107.0.3 imported as omni.kit.tool.asset_importer with AutoNode config {}
[2026-05-15 16:29:33,554][ogn_registration][INFO] - Registering Python Node Types from omni.kit.tool.asset_importer at d:\users\arons\robot-learning-rl-project\isaac_so_arm101-main\.venv\lib\site-packages\isaacsim\extscache\omni.kit.tool.asset_importer-4.3.2+107.0.3 in omni.kit.tool.asset_importer
[2026-05-15 16:29:33,554][ogn_registration][INFO] - ========================================================================================================================
[2026-05-15 16:29:33,556][ogn_registration][INFO] - No dependency on omni.graph, therefore no nodes to register in omni.kit.tool.asset_importer
[2026-05-15 16:29:33,556][ogn_registration][INFO] - ...None found, no registration to do
[2026-05-15 16:29:33,556][ogn_registration][INFO] - ...Skipping: No OmniGraph presence in the module omni.kit.tool.asset_importer - No nodes in this module, do not remember it
[2026-05-15 16:29:33,556][ogn_registration][INFO] - Destroying registration record for omni.kit.tool.asset_importer
[2026-05-15 16:29:33,556][ogn_registration][INFO] - OGN register omni.kit.tool.asset_importer-4.3.2 took 2865000.000000
[2026-05-15 16:29:33,582][ogn_registration][INFO] - Looking for Python nodes to register in omni.kit.widget.zoombar-1.0.6
[2026-05-15 16:29:33,583][ogn_registration][INFO] -  -> Registered nodes from module omni.kit.widget.zoombar at d:\users\arons\robot-learning-rl-project\isaac_so_arm101-main\.venv\lib\site-packages\isaacsim\extscache\omni.kit.widget.zoombar-1.0.6
[2026-05-15 16:29:33,583][ogn_registration][INFO] - Registering nodes in d:\users\arons\robot-learning-rl-project\isaac_so_arm101-main\.venv\lib\site-packages\isaacsim\extscache\omni.kit.widget.zoombar-1.0.6 imported as omni.kit.widget.zoombar with AutoNode config {}
[2026-05-15 16:29:33,584][ogn_registration][INFO] - Registering Python Node Types from omni.kit.widget.zoombar at d:\users\arons\robot-learning-rl-project\isaac_so_arm101-main\.venv\lib\site-packages\isaacsim\extscache\omni.kit.widget.zoombar-1.0.6 in omni.kit.widget.zoombar
[2026-05-15 16:29:33,584][ogn_registration][INFO] - ========================================================================================================================
[2026-05-15 16:29:33,585][ogn_registration][INFO] - No dependency on omni.graph, therefore no nodes to register in omni.kit.widget.zoombar
[2026-05-15 16:29:33,585][ogn_registration][INFO] - ...None found, no registration to do
[2026-05-15 16:29:33,585][ogn_registration][INFO] - ...Skipping: No OmniGraph presence in the module omni.kit.widget.zoombar - No nodes in this module, do not remember it
[2026-05-15 16:29:33,585][ogn_registration][INFO] - Destroying registration record for omni.kit.widget.zoombar
[2026-05-15 16:29:33,585][ogn_registration][INFO] - OGN register omni.kit.widget.zoombar-1.0.6 took 2901200.000000
[2026-05-15 16:29:33,601][ogn_registration][INFO] - Looking for Python nodes to register in omni.kit.manipulator.viewport-107.0.1
[2026-05-15 16:29:33,601][ogn_registration][INFO] -  -> Registered nodes from module omni.kit.manipulator.viewport at d:\users\arons\robot-learning-rl-project\isaac_so_arm101-main\.venv\lib\site-packages\isaacsim\extscache\omni.kit.manipulator.viewport-107.0.1+69cbf6ad
[2026-05-15 16:29:33,601][ogn_registration][INFO] - Registering nodes in d:\users\arons\robot-learning-rl-project\isaac_so_arm101-main\.venv\lib\site-packages\isaacsim\extscache\omni.kit.manipulator.viewport-107.0.1+69cbf6ad imported as omni.kit.manipulator.viewport with AutoNode config {}
[2026-05-15 16:29:33,601][ogn_registration][INFO] - Registering Python Node Types from omni.kit.manipulator.viewport at d:\users\arons\robot-learning-rl-project\isaac_so_arm101-main\.venv\lib\site-packages\isaacsim\extscache\omni.kit.manipulator.viewport-107.0.1+69cbf6ad in omni.kit.manipulator.viewport
[2026-05-15 16:29:33,602][ogn_registration][INFO] - ========================================================================================================================
[2026-05-15 16:29:33,603][ogn_registration][INFO] - No dependency on omni.graph, therefore no nodes to register in omni.kit.manipulator.viewport
[2026-05-15 16:29:33,603][ogn_registration][INFO] - ...None found, no registration to do
[2026-05-15 16:29:33,603][ogn_registration][INFO] - ...Skipping: No OmniGraph presence in the module omni.kit.manipulator.viewport - No nodes in this module, do not remember it
[2026-05-15 16:29:33,604][ogn_registration][INFO] - Destroying registration record for omni.kit.manipulator.viewport
[2026-05-15 16:29:33,604][ogn_registration][INFO] - OGN register omni.kit.manipulator.viewport-107.0.1 took 3138500.000000
[2026-05-15 16:29:33,706][ogn_registration][INFO] - Looking for Python nodes to register in omni.kit.browser.core-2.3.13
[2026-05-15 16:29:33,706][ogn_registration][INFO] -  -> Registered nodes from module omni.kit.browser.core at d:\users\arons\robot-learning-rl-project\isaac_so_arm101-main\.venv\lib\site-packages\isaacsim\extscache\omni.kit.browser.core-2.3.13
[2026-05-15 16:29:33,706][ogn_registration][INFO] - Registering nodes in d:\users\arons\robot-learning-rl-project\isaac_so_arm101-main\.venv\lib\site-packages\isaacsim\extscache\omni.kit.browser.core-2.3.13 imported as omni.kit.browser.core with AutoNode config {}
[2026-05-15 16:29:33,707][ogn_registration][INFO] - Registering Python Node Types from omni.kit.browser.core at d:\users\arons\robot-learning-rl-project\isaac_so_arm101-main\.venv\lib\site-packages\isaacsim\extscache\omni.kit.browser.core-2.3.13 in omni.kit.browser.core
[2026-05-15 16:29:33,707][ogn_registration][INFO] - ========================================================================================================================
[2026-05-15 16:29:33,708][ogn_registration][INFO] - No dependency on omni.graph, therefore no nodes to register in omni.kit.browser.core
[2026-05-15 16:29:33,708][ogn_registration][INFO] - ...None found, no registration to do
[2026-05-15 16:29:33,708][ogn_registration][INFO] - ...Skipping: No OmniGraph presence in the module omni.kit.browser.core - No nodes in this module, do not remember it
[2026-05-15 16:29:33,708][ogn_registration][INFO] - Destroying registration record for omni.kit.browser.core
[2026-05-15 16:29:33,709][ogn_registration][INFO] - OGN register omni.kit.browser.core-2.3.13 took 2553700.000000
[2026-05-15 16:29:33,808][ogn_registration][INFO] - Looking for Python nodes to register in omni.kit.window.extensions-1.4.27
[2026-05-15 16:29:33,808][ogn_registration][INFO] -  -> Registered nodes from module omni.kit.window.extensions at d:\users\arons\robot-learning-rl-project\isaac_so_arm101-main\.venv\lib\site-packages\isaacsim\extscache\omni.kit.window.extensions-1.4.27+69cbf6ad
[2026-05-15 16:29:33,809][ogn_registration][INFO] - Registering nodes in d:\users\arons\robot-learning-rl-project\isaac_so_arm101-main\.venv\lib\site-packages\isaacsim\extscache\omni.kit.window.extensions-1.4.27+69cbf6ad imported as omni.kit.window.extensions with AutoNode config {}
[2026-05-15 16:29:33,809][ogn_registration][INFO] - Registering Python Node Types from omni.kit.window.extensions at d:\users\arons\robot-learning-rl-project\isaac_so_arm101-main\.venv\lib\site-packages\isaacsim\extscache\omni.kit.window.extensions-1.4.27+69cbf6ad in omni.kit.window.extensions
[2026-05-15 16:29:33,809][ogn_registration][INFO] - ========================================================================================================================
[2026-05-15 16:29:33,810][ogn_registration][INFO] - No dependency on omni.graph, therefore no nodes to register in omni.kit.window.extensions
[2026-05-15 16:29:33,810][ogn_registration][INFO] - ...None found, no registration to do
[2026-05-15 16:29:33,810][ogn_registration][INFO] - ...Skipping: No OmniGraph presence in the module omni.kit.window.extensions - No nodes in this module, do not remember it
[2026-05-15 16:29:33,810][ogn_registration][INFO] - Destroying registration record for omni.kit.window.extensions
[2026-05-15 16:29:33,811][ogn_registration][INFO] - OGN register omni.kit.window.extensions-1.4.27 took 2620600.000000
[2026-05-15 16:29:33,993][ogn_registration][INFO] - Looking for Python nodes to register in omni.graph.visualization.nodes-2.1.3
[2026-05-15 16:29:33,994][ogn_registration][INFO] -  -> Registered nodes from module omni.graph.visualization.nodes at d:\users\arons\robot-learning-rl-project\isaac_so_arm101-main\.venv\lib\site-packages\isaacsim\extscache\omni.graph.visualization.nodes-2.1.3
[2026-05-15 16:29:33,994][ogn_registration][INFO] - Registering nodes in d:\users\arons\robot-learning-rl-project\isaac_so_arm101-main\.venv\lib\site-packages\isaacsim\extscache\omni.graph.visualization.nodes-2.1.3 imported as omni.graph.visualization.nodes with AutoNode config {}
[2026-05-15 16:29:33,994][ogn_registration][INFO] - Registering Python Node Types from omni.graph.visualization.nodes at d:\users\arons\robot-learning-rl-project\isaac_so_arm101-main\.venv\lib\site-packages\isaacsim\extscache\omni.graph.visualization.nodes-2.1.3 in omni.graph.visualization.nodes
[2026-05-15 16:29:33,995][ogn_registration][INFO] - ========================================================================================================================
[2026-05-15 16:29:33,996][ogn_registration][INFO] - Finding OmniGraph extension content manager for omni.graph.visualization.nodes-2.1.3 in module omni.graph.visualization.nodes at d:\users\arons\robot-learning-rl-project\isaac_so_arm101-main\.venv\lib\site-packages\isaacsim\extscache\omni.graph.visualization.nodes-2.1.3
[2026-05-15 16:29:33,996][ogn_registration][INFO] - -> New generated folder d:\users\arons\robot-learning-rl-project\isaac_so_arm101-main\.venv\lib\site-packages\isaacsim\extscache\omni.graph.visualization.nodes-2.1.3\ogn\omni.graph.visualization.nodes is not a directory
[2026-05-15 16:29:33,997][ogn_registration][INFO] - Creating OmniGraph extension management class
[2026-05-15 16:29:33,997][ogn_registration][INFO] - Created base content manager for module omni.graph.visualization.nodes (d:\users\arons\robot-learning-rl-project\isaac_so_arm101-main\.venv\lib\site-packages\isaacsim\extscache\omni.graph.visualization.nodes-2.1.3\omni\graph\visualization\nodes\__init__.py - d:\users\arons\robot-learning-rl-project\isaac_so_arm101-main\.venv\lib\site-packages\isaacsim\extscache\omni.graph.visualization.nodes-2.1.3\omni\graph\visualization\nodes) in extension omni.graph.visualization.nodes-2.1.3 at d:\users\arons\robot-learning-rl-project\isaac_so_arm101-main\.venv\lib\site-packages\isaacsim\extscache\omni.graph.visualization.nodes-2.1.3 using cache d:\users\arons\robot-learning-rl-project\isaac_so_arm101-main\.venv\lib\site-packages\isaacsim\kit\cache\ogn_generated\1.79.2\omni.graph.visualization.nodes-2.1.3\omni.graph.visualization.nodes\ogn
[2026-05-15 16:29:33,998][ogn_registration][INFO] - Creating 1.18 extension manager for omni.graph.visualization.nodes-2.1.3 in <module 'omni.graph.visualization.nodes' from 'd:/users/arons/robot-learning-rl-project/isaac_so_arm101-main/.venv/lib/site-packages/isaacsim/extscache/omni.graph.visualization.nodes-2.1.3/omni/graph/visualization/nodes/__init__.py'> at d:\users\arons\robot-learning-rl-project\isaac_so_arm101-main\.venv\lib\site-packages\isaacsim\extscache\omni.graph.visualization.nodes-2.1.3
[2026-05-15 16:29:33,998][ogn_registration][INFO] - Using cache directory d:\users\arons\robot-learning-rl-project\isaac_so_arm101-main\.venv\lib\site-packages\isaacsim\kit\cache\ogn_generated\1.79.2\omni.graph.visualization.nodes-2.1.3\omni.graph.visualization.nodes\ogn
[2026-05-15 16:29:33,998][ogn_registration][INFO] - Scanning for V1.18 node in d:\users\arons\robot-learning-rl-project\isaac_so_arm101-main\.venv\lib\site-packages\isaacsim\extscache\omni.graph.visualization.nodes-2.1.3\omni\graph\visualization\nodes\ogn
[2026-05-15 16:29:33,999][ogn_registration][INFO] - Scanning omni.graph.visualization.nodes-2.1.3 for nodes in OGN path d:\users\arons\robot-learning-rl-project\isaac_so_arm101-main\.venv\lib\site-packages\isaacsim\extscache\omni.graph.visualization.nodes-2.1.3\omni\graph\visualization\nodes\ogn
[2026-05-15 16:29:33,999][ogn_registration][INFO] - _walk_with_excludes(start=d:\users\arons\robot-learning-rl-project\isaac_so_arm101-main\.venv\lib\site-packages\isaacsim\extscache\omni.graph.visualization.nodes-2.1.3\omni\graph\visualization\nodes\ogn, exclude=['__pycache__'])
[2026-05-15 16:29:34,001][ogn_registration][INFO] -    ... walked d:/users/arons/robot-learning-rl-project/isaac_so_arm101-main/.venv/lib/site-packages/isaacsim/extscache/omni.graph.visualization.nodes-2.1.3/omni/graph/visualization/nodes/ogn, ['nodes', 'tests'], ['OgnDrawLabelDatabase.py', 'OgnDrawLineDatabase.py', 'OgnDrawScreenSpaceTextDatabase.py', '__ogn_files_prebuilt']
[2026-05-15 16:29:34,005][ogn_registration][INFO] - ....Adding scanned directory d:/users/arons/robot-learning-rl-project/isaac_so_arm101-main/.venv/lib/site-packages/isaacsim/extscache/omni.graph.visualization.nodes-2.1.3/omni/graph/visualization/nodes/ogn/nodes
[2026-05-15 16:29:34,005][ogn_registration][INFO] -    ... walked d:/users/arons/robot-learning-rl-project/isaac_so_arm101-main/.venv/lib/site-packages/isaacsim/extscache/omni.graph.visualization.nodes-2.1.3/omni/graph/visualization/nodes/ogn/nodes, [], ['OgnDrawLabel.ogn', 'OgnDrawLabel.py', 'OgnDrawLine.ogn', 'OgnDrawLine.py', 'OgnDrawScreenSpaceText.ogn', 'OgnDrawScreenSpaceText.py']
[2026-05-15 16:29:34,007][ogn_registration][INFO] -    ... walked d:/users/arons/robot-learning-rl-project/isaac_so_arm101-main/.venv/lib/site-packages/isaacsim/extscache/omni.graph.visualization.nodes-2.1.3/omni/graph/visualization/nodes/ogn/tests, ['usd'], ['TestOgnDrawLabel.py', 'TestOgnDrawLine.py', 'TestOgnDrawScreenSpaceText.py', '__init__.py']
[2026-05-15 16:29:34,007][ogn_registration][INFO] - ....Adding scanned directory d:/users/arons/robot-learning-rl-project/isaac_so_arm101-main/.venv/lib/site-packages/isaacsim/extscache/omni.graph.visualization.nodes-2.1.3/omni/graph/visualization/nodes/ogn/tests/usd
[2026-05-15 16:29:34,007][ogn_registration][INFO] -    ... walked d:/users/arons/robot-learning-rl-project/isaac_so_arm101-main/.venv/lib/site-packages/isaacsim/extscache/omni.graph.visualization.nodes-2.1.3/omni/graph/visualization/nodes/ogn/tests/usd, [], ['OgnDrawLabelTemplate.usda', 'OgnDrawLineTemplate.usda', 'OgnDrawScreenSpaceTextTemplate.usda']
[2026-05-15 16:29:34,017][ogn_registration][INFO] - ...extracted db versions VersionProperties.GENERATOR = (1, 79, 1), VersionProperties.TARGET = (2, 184, 0) from d:\users\arons\robot-learning-rl-project\isaac_so_arm101-main\.venv\lib\site-packages\isaacsim\extscache\omni.graph.visualization.nodes-2.1.3\omni\graph\visualization\nodes\ogn\OgnDrawLabelDatabase.py (True)
[2026-05-15 16:29:34,017][ogn_registration][INFO] - ...found file of type FileType.PYTHON_DB - d:\users\arons\robot-learning-rl-project\isaac_so_arm101-main\.venv\lib\site-packages\isaacsim\extscache\omni.graph.visualization.nodes-2.1.3\omni\graph\visualization\nodes\ogn\OgnDrawLabelDatabase.py
[2026-05-15 16:29:34,017][ogn_registration][INFO] - ...found file of type FileType.PYTHON_DB - d:\users\arons\robot-learning-rl-project\isaac_so_arm101-main\.venv\lib\site-packages\isaacsim\extscache\omni.graph.visualization.nodes-2.1.3\omni\graph\visualization\nodes\ogn\OgnDrawLineDatabase.py
[2026-05-15 16:29:34,017][ogn_registration][INFO] - ...found file of type FileType.PYTHON_DB - d:\users\arons\robot-learning-rl-project\isaac_so_arm101-main\.venv\lib\site-packages\isaacsim\extscache\omni.graph.visualization.nodes-2.1.3\omni\graph\visualization\nodes\ogn\OgnDrawScreenSpaceTextDatabase.py
[2026-05-15 16:29:34,018][ogn_registration][INFO] - ...found file of type FileType.PYTHON - d:\users\arons\robot-learning-rl-project\isaac_so_arm101-main\.venv\lib\site-packages\isaacsim\extscache\omni.graph.visualization.nodes-2.1.3\omni\graph\visualization\nodes\ogn\nodes\OgnDrawLabel.py
[2026-05-15 16:29:34,018][ogn_registration][INFO] - ...found file of type FileType.PYTHON - d:\users\arons\robot-learning-rl-project\isaac_so_arm101-main\.venv\lib\site-packages\isaacsim\extscache\omni.graph.visualization.nodes-2.1.3\omni\graph\visualization\nodes\ogn\nodes\OgnDrawLine.py
[2026-05-15 16:29:34,018][ogn_registration][INFO] - ...found file of type FileType.PYTHON - d:\users\arons\robot-learning-rl-project\isaac_so_arm101-main\.venv\lib\site-packages\isaacsim\extscache\omni.graph.visualization.nodes-2.1.3\omni\graph\visualization\nodes\ogn\nodes\OgnDrawScreenSpaceText.py
[2026-05-15 16:29:34,019][ogn_registration][INFO] - ...found file of type FileType.TEST - d:\users\arons\robot-learning-rl-project\isaac_so_arm101-main\.venv\lib\site-packages\isaacsim\extscache\omni.graph.visualization.nodes-2.1.3\omni\graph\visualization\nodes\ogn\tests\TestOgnDrawLabel.py
[2026-05-15 16:29:34,019][ogn_registration][INFO] - ...found file of type FileType.TEST - d:\users\arons\robot-learning-rl-project\isaac_so_arm101-main\.venv\lib\site-packages\isaacsim\extscache\omni.graph.visualization.nodes-2.1.3\omni\graph\visualization\nodes\ogn\tests\TestOgnDrawLine.py
[2026-05-15 16:29:34,019][ogn_registration][INFO] - ...found file of type FileType.TEST - d:\users\arons\robot-learning-rl-project\isaac_so_arm101-main\.venv\lib\site-packages\isaacsim\extscache\omni.graph.visualization.nodes-2.1.3\omni\graph\visualization\nodes\ogn\tests\TestOgnDrawScreenSpaceText.py
[2026-05-15 16:29:34,019][ogn_registration][INFO] - ...found file of type FileType.PYTHON - d:\users\arons\robot-learning-rl-project\isaac_so_arm101-main\.venv\lib\site-packages\isaacsim\extscache\omni.graph.visualization.nodes-2.1.3\omni\graph\visualization\nodes\ogn\tests\__init__.py
[2026-05-15 16:29:34,020][ogn_registration][INFO] - ...found file of type FileType.USD - d:\users\arons\robot-learning-rl-project\isaac_so_arm101-main\.venv\lib\site-packages\isaacsim\extscache\omni.graph.visualization.nodes-2.1.3\omni\graph\visualization\nodes\ogn\tests\usd\OgnDrawLabelTemplate.usda
[2026-05-15 16:29:34,020][ogn_registration][INFO] - ...found file of type FileType.USD - d:\users\arons\robot-learning-rl-project\isaac_so_arm101-main\.venv\lib\site-packages\isaacsim\extscache\omni.graph.visualization.nodes-2.1.3\omni\graph\visualization\nodes\ogn\tests\usd\OgnDrawLineTemplate.usda
[2026-05-15 16:29:34,020][ogn_registration][INFO] - ...found file of type FileType.USD - d:\users\arons\robot-learning-rl-project\isaac_so_arm101-main\.venv\lib\site-packages\isaacsim\extscache\omni.graph.visualization.nodes-2.1.3\omni\graph\visualization\nodes\ogn\tests\usd\OgnDrawScreenSpaceTextTemplate.usda
[2026-05-15 16:29:34,024][ogn_registration][INFO] - ...constructing node type definition for OgnDrawLabel at d:\users\arons\robot-learning-rl-project\isaac_so_arm101-main\.venv\lib\site-packages\isaacsim\extscache\omni.graph.visualization.nodes-2.1.3\omni\graph\visualization\nodes\ogn\nodes\OgnDrawLabel.ogn
[2026-05-15 16:29:34,025][ogn_registration][INFO] - Creating node type definition for OgnDrawLabel at d:\users\arons\robot-learning-rl-project\isaac_so_arm101-main\.venv\lib\site-packages\isaacsim\extscache\omni.graph.visualization.nodes-2.1.3\omni\graph\visualization\nodes\ogn\nodes\OgnDrawLabel.ogn
[2026-05-15 16:29:34,025][ogn_registration][INFO] - ...constructing node type definition for OgnDrawLine at d:\users\arons\robot-learning-rl-project\isaac_so_arm101-main\.venv\lib\site-packages\isaacsim\extscache\omni.graph.visualization.nodes-2.1.3\omni\graph\visualization\nodes\ogn\nodes\OgnDrawLine.ogn
[2026-05-15 16:29:34,026][ogn_registration][INFO] - Creating node type definition for OgnDrawLine at d:\users\arons\robot-learning-rl-project\isaac_so_arm101-main\.venv\lib\site-packages\isaacsim\extscache\omni.graph.visualization.nodes-2.1.3\omni\graph\visualization\nodes\ogn\nodes\OgnDrawLine.ogn
[2026-05-15 16:29:34,026][ogn_registration][INFO] - ...constructing node type definition for OgnDrawScreenSpaceText at d:\users\arons\robot-learning-rl-project\isaac_so_arm101-main\.venv\lib\site-packages\isaacsim\extscache\omni.graph.visualization.nodes-2.1.3\omni\graph\visualization\nodes\ogn\nodes\OgnDrawScreenSpaceText.ogn
[2026-05-15 16:29:34,026][ogn_registration][INFO] - Creating node type definition for OgnDrawScreenSpaceText at d:\users\arons\robot-learning-rl-project\isaac_so_arm101-main\.venv\lib\site-packages\isaacsim\extscache\omni.graph.visualization.nodes-2.1.3\omni\graph\visualization\nodes\ogn\nodes\OgnDrawScreenSpaceText.ogn
[2026-05-15 16:29:34,030][ogn_registration][INFO] - Adding 4 files at version VersionProperties.GENERATOR = (1, 79, 1), VersionProperties.TARGET = (2, 184, 0)
[2026-05-15 16:29:34,031][ogn_registration][INFO] - add generated file(d:\users\arons\robot-learning-rl-project\isaac_so_arm101-main\.venv\lib\site-packages\isaacsim\extscache\omni.graph.visualization.nodes-2.1.3\omni\graph\visualization\nodes\ogn\OgnDrawLabelDatabase.py, FileType.PYTHON_DB)
[2026-05-15 16:29:34,032][ogn_registration][INFO] - add user file(d:\users\arons\robot-learning-rl-project\isaac_so_arm101-main\.venv\lib\site-packages\isaacsim\extscache\omni.graph.visualization.nodes-2.1.3\omni\graph\visualization\nodes\ogn\nodes\OgnDrawLabel.py, FileType.PYTHON)
[2026-05-15 16:29:34,032][ogn_registration][INFO] - add generated file(d:\users\arons\robot-learning-rl-project\isaac_so_arm101-main\.venv\lib\site-packages\isaacsim\extscache\omni.graph.visualization.nodes-2.1.3\omni\graph\visualization\nodes\ogn\tests\TestOgnDrawLabel.py, FileType.TEST)
[2026-05-15 16:29:34,033][ogn_registration][INFO] - add generated file(d:\users\arons\robot-learning-rl-project\isaac_so_arm101-main\.venv\lib\site-packages\isaacsim\extscache\omni.graph.visualization.nodes-2.1.3\omni\graph\visualization\nodes\ogn\tests\usd\OgnDrawLabelTemplate.usda, FileType.USD)
[2026-05-15 16:29:34,033][ogn_registration][INFO] - Adding 4 files at version VersionProperties.GENERATOR = (1, 79, 1), VersionProperties.TARGET = (2, 184, 0)
[2026-05-15 16:29:34,034][ogn_registration][INFO] - add generated file(d:\users\arons\robot-learning-rl-project\isaac_so_arm101-main\.venv\lib\site-packages\isaacsim\extscache\omni.graph.visualization.nodes-2.1.3\omni\graph\visualization\nodes\ogn\OgnDrawLineDatabase.py, FileType.PYTHON_DB)
[2026-05-15 16:29:34,034][ogn_registration][INFO] - add user file(d:\users\arons\robot-learning-rl-project\isaac_so_arm101-main\.venv\lib\site-packages\isaacsim\extscache\omni.graph.visualization.nodes-2.1.3\omni\graph\visualization\nodes\ogn\nodes\OgnDrawLine.py, FileType.PYTHON)
[2026-05-15 16:29:34,035][ogn_registration][INFO] - add generated file(d:\users\arons\robot-learning-rl-project\isaac_so_arm101-main\.venv\lib\site-packages\isaacsim\extscache\omni.graph.visualization.nodes-2.1.3\omni\graph\visualization\nodes\ogn\tests\TestOgnDrawLine.py, FileType.TEST)
[2026-05-15 16:29:34,035][ogn_registration][INFO] - add generated file(d:\users\arons\robot-learning-rl-project\isaac_so_arm101-main\.venv\lib\site-packages\isaacsim\extscache\omni.graph.visualization.nodes-2.1.3\omni\graph\visualization\nodes\ogn\tests\usd\OgnDrawLineTemplate.usda, FileType.USD)
[2026-05-15 16:29:34,036][ogn_registration][INFO] - Adding 4 files at version VersionProperties.GENERATOR = (1, 79, 1), VersionProperties.TARGET = (2, 184, 0)
[2026-05-15 16:29:34,036][ogn_registration][INFO] - add generated file(d:\users\arons\robot-learning-rl-project\isaac_so_arm101-main\.venv\lib\site-packages\isaacsim\extscache\omni.graph.visualization.nodes-2.1.3\omni\graph\visualization\nodes\ogn\OgnDrawScreenSpaceTextDatabase.py, FileType.PYTHON_DB)
[2026-05-15 16:29:34,036][ogn_registration][INFO] - add user file(d:\users\arons\robot-learning-rl-project\isaac_so_arm101-main\.venv\lib\site-packages\isaacsim\extscache\omni.graph.visualization.nodes-2.1.3\omni\graph\visualization\nodes\ogn\nodes\OgnDrawScreenSpaceText.py, FileType.PYTHON)
[2026-05-15 16:29:34,037][ogn_registration][INFO] - add generated file(d:\users\arons\robot-learning-rl-project\isaac_so_arm101-main\.venv\lib\site-packages\isaacsim\extscache\omni.graph.visualization.nodes-2.1.3\omni\graph\visualization\nodes\ogn\tests\TestOgnDrawScreenSpaceText.py, FileType.TEST)
[2026-05-15 16:29:34,038][ogn_registration][INFO] - add generated file(d:\users\arons\robot-learning-rl-project\isaac_so_arm101-main\.venv\lib\site-packages\isaacsim\extscache\omni.graph.visualization.nodes-2.1.3\omni\graph\visualization\nodes\ogn\tests\usd\OgnDrawScreenSpaceTextTemplate.usda, FileType.USD)
[2026-05-15 16:29:34,039][ogn_registration][INFO] - Cache path d:\users\arons\robot-learning-rl-project\isaac_so_arm101-main\.venv\lib\site-packages\isaacsim\kit\cache\ogn_generated\1.79.2\omni.graph.visualization.nodes-2.1.3\omni.graph.visualization.nodes\ogn is not a directory
[2026-05-15 16:29:34,039][ogn_registration][INFO] - omni.graph.visualization.nodes: Time to scan the extension for node types = 0.044308
[2026-05-15 16:29:34,039][ogn_registration][INFO] - Ensuring node types in extension omni.graph.visualization.nodes are up to date
[2026-05-15 16:29:34,040][ogn_registration][INFO] - omni.graph.visualization.nodes: Time to update the out-of-date generated code = 0.001033
[2026-05-15 16:29:34,040][ogn_registration][INFO] - Attempting OGN 1.18 Python imports for omni.graph.visualization.nodes-2.1.3
[2026-05-15 16:29:34,041][ogn_registration][INFO] - Importing omni.graph.visualization.nodes.ogn and omni.graph.visualization.nodes.ogn.tests with tests
[2026-05-15 16:29:34,041][ogn_registration][INFO] - --- Finding module omni.graph.visualization.nodes.ogn in <module 'omni.graph.visualization.nodes' from 'd:/users/arons/robot-learning-rl-project/isaac_so_arm101-main/.venv/lib/site-packages/isaacsim/extscache/omni.graph.visualization.nodes-2.1.3/omni/graph/visualization/nodes/__init__.py'> with submodule name ogn
[2026-05-15 16:29:34,041][ogn_registration][INFO] - --X module was not already imported
[2026-05-15 16:29:34,041][ogn_registration][INFO] - ... Trying to import omni.graph.visualization.nodes.ogn directly
[2026-05-15 16:29:34,043][ogn_registration][INFO] - --> Found the module at <module 'omni.graph.visualization.nodes.ogn' (<_frozen_importlib_external.NamespaceLoader object at 0x000001BB02322CD0>)>
[2026-05-15 16:29:34,044][ogn_registration][INFO] - -> Found .ogn module, looking for ogn.tests too
[2026-05-15 16:29:34,044][ogn_registration][INFO] - --- Finding module omni.graph.visualization.nodes.ogn.tests in <module 'omni.graph.visualization.nodes.ogn' (<_frozen_importlib_external.NamespaceLoader object at 0x000001BB02322CD0>)> with submodule name ogn.tests
[2026-05-15 16:29:34,044][ogn_registration][INFO] - --X module was not already imported
[2026-05-15 16:29:34,045][ogn_registration][INFO] - ... Trying to import omni.graph.visualization.nodes.ogn.tests directly
[2026-05-15 16:29:34,050][ogn_registration][INFO] - --> Found the module at <module 'omni.graph.visualization.nodes.ogn.tests' from 'd:/users/arons/robot-learning-rl-project/isaac_so_arm101-main/.venv/lib/site-packages/isaacsim/extscache/omni.graph.visualization.nodes-2.1.3/omni/graph/visualization/nodes/ogn/tests/__init__.py'>
[2026-05-15 16:29:34,053][ogn_registration][INFO] - Importing module omni.graph.visualization.nodes.ogn.OgnDrawLabelDatabase from d:\users\arons\robot-learning-rl-project\isaac_so_arm101-main\.venv\lib\site-packages\isaacsim\extscache\omni.graph.visualization.nodes-2.1.3\omni\graph\visualization\nodes\ogn\OgnDrawLabelDatabase.py
[2026-05-15 16:29:34,056][ogn_registration][INFO] - ... created the module as <module 'omni.graph.visualization.nodes.ogn.OgnDrawLabelDatabase' from 'd:\\users\\arons\\robot-learning-rl-project\\isaac_so_arm101-main\\.venv\\lib\\site-packages\\isaacsim\\extscache\\omni.graph.visualization.nodes-2.1.3\\omni\\graph\\visualization\\nodes\\ogn\\OgnDrawLabelDatabase.py'>
[2026-05-15 16:29:34,057][ogn_registration][INFO] - ...Import DB omni.graph.visualization.nodes.ogn.OgnDrawLabelDatabase into ['OgnDrawLabelDatabase', '__builtins__', '__cached__', '__doc__', '__file__', '__loader__', '__name__', '__package__', '__spec__', '_og', 'numpy', 'og', 'ogn', 'sys', 'traceback'] from d:\users\arons\robot-learning-rl-project\isaac_so_arm101-main\.venv\lib\site-packages\isaacsim\extscache\omni.graph.visualization.nodes-2.1.3\omni\graph\visualization\nodes\ogn\OgnDrawLabelDatabase.py
[2026-05-15 16:29:34,057][ogn_registration][INFO] - Importing module omni.graph.visualization.nodes.ogn.nodes.OgnDrawLabel from d:\users\arons\robot-learning-rl-project\isaac_so_arm101-main\.venv\lib\site-packages\isaacsim\extscache\omni.graph.visualization.nodes-2.1.3\omni\graph\visualization\nodes\ogn\nodes\OgnDrawLabel.py
[2026-05-15 16:29:34,059][ogn_registration][INFO] - ... created the module as <module 'omni.graph.visualization.nodes.ogn.nodes.OgnDrawLabel' from 'd:\\users\\arons\\robot-learning-rl-project\\isaac_so_arm101-main\\.venv\\lib\\site-packages\\isaacsim\\extscache\\omni.graph.visualization.nodes-2.1.3\\omni\\graph\\visualization\\nodes\\ogn\\nodes\\OgnDrawLabel.py'>
[2026-05-15 16:29:34,060][ogn_registration][INFO] - ...Import Node omni.graph.visualization.nodes.ogn.nodes.OgnDrawLabel into <module 'omni.graph.visualization.nodes.ogn.nodes.OgnDrawLabel' from 'd:\\users\\arons\\robot-learning-rl-project\\isaac_so_arm101-main\\.venv\\lib\\site-packages\\isaacsim\\extscache\\omni.graph.visualization.nodes-2.1.3\\omni\\graph\\visualization\\nodes\\ogn\\nodes\\OgnDrawLabel.py'> from d:\users\arons\robot-learning-rl-project\isaac_so_arm101-main\.venv\lib\site-packages\isaacsim\extscache\omni.graph.visualization.nodes-2.1.3\omni\graph\visualization\nodes\ogn\nodes\OgnDrawLabel.py
[2026-05-15 16:29:34,061][ogn_registration][INFO] - Importing module omni.graph.visualization.nodes.ogn.tests.TestOgnDrawLabel from d:\users\arons\robot-learning-rl-project\isaac_so_arm101-main\.venv\lib\site-packages\isaacsim\extscache\omni.graph.visualization.nodes-2.1.3\omni\graph\visualization\nodes\ogn\tests\TestOgnDrawLabel.py
[2026-05-15 16:29:34,063][ogn_registration][INFO] - ... created the module as <module 'omni.graph.visualization.nodes.ogn.tests.TestOgnDrawLabel' from 'd:\\users\\arons\\robot-learning-rl-project\\isaac_so_arm101-main\\.venv\\lib\\site-packages\\isaacsim\\extscache\\omni.graph.visualization.nodes-2.1.3\\omni\\graph\\visualization\\nodes\\ogn\\tests\\TestOgnDrawLabel.py'>
[2026-05-15 16:29:34,063][ogn_registration][INFO] - ...Imported test omni.graph.visualization.nodes.ogn.tests.TestOgnDrawLabel into <module 'omni.graph.visualization.nodes.ogn.tests.TestOgnDrawLabel' from 'd:\\users\\arons\\robot-learning-rl-project\\isaac_so_arm101-main\\.venv\\lib\\site-packages\\isaacsim\\extscache\\omni.graph.visualization.nodes-2.1.3\\omni\\graph\\visualization\\nodes\\ogn\\tests\\TestOgnDrawLabel.py'> from d:\users\arons\robot-learning-rl-project\isaac_so_arm101-main\.venv\lib\site-packages\isaacsim\extscache\omni.graph.visualization.nodes-2.1.3\omni\graph\visualization\nodes\ogn\tests\TestOgnDrawLabel.py
[2026-05-15 16:29:34,064][ogn_registration][INFO] - Importing module omni.graph.visualization.nodes.ogn.OgnDrawLineDatabase from d:\users\arons\robot-learning-rl-project\isaac_so_arm101-main\.venv\lib\site-packages\isaacsim\extscache\omni.graph.visualization.nodes-2.1.3\omni\graph\visualization\nodes\ogn\OgnDrawLineDatabase.py
[2026-05-15 16:29:34,085][ogn_registration][INFO] - ... created the module as <module 'omni.graph.visualization.nodes.ogn.OgnDrawLineDatabase' from 'd:\\users\\arons\\robot-learning-rl-project\\isaac_so_arm101-main\\.venv\\lib\\site-packages\\isaacsim\\extscache\\omni.graph.visualization.nodes-2.1.3\\omni\\graph\\visualization\\nodes\\ogn\\OgnDrawLineDatabase.py'>
[2026-05-15 16:29:34,086][ogn_registration][INFO] - ...Import DB omni.graph.visualization.nodes.ogn.OgnDrawLineDatabase into ['OgnDrawLineDatabase', '__builtins__', '__cached__', '__doc__', '__file__', '__loader__', '__name__', '__package__', '__spec__', '_og', 'numpy', 'og', 'ogn', 'sys', 'traceback'] from d:\users\arons\robot-learning-rl-project\isaac_so_arm101-main\.venv\lib\site-packages\isaacsim\extscache\omni.graph.visualization.nodes-2.1.3\omni\graph\visualization\nodes\ogn\OgnDrawLineDatabase.py
[2026-05-15 16:29:34,086][ogn_registration][INFO] - Importing module omni.graph.visualization.nodes.ogn.nodes.OgnDrawLine from d:\users\arons\robot-learning-rl-project\isaac_so_arm101-main\.venv\lib\site-packages\isaacsim\extscache\omni.graph.visualization.nodes-2.1.3\omni\graph\visualization\nodes\ogn\nodes\OgnDrawLine.py
[2026-05-15 16:29:34,088][ogn_registration][INFO] - ... created the module as <module 'omni.graph.visualization.nodes.ogn.nodes.OgnDrawLine' from 'd:\\users\\arons\\robot-learning-rl-project\\isaac_so_arm101-main\\.venv\\lib\\site-packages\\isaacsim\\extscache\\omni.graph.visualization.nodes-2.1.3\\omni\\graph\\visualization\\nodes\\ogn\\nodes\\OgnDrawLine.py'>
[2026-05-15 16:29:34,088][ogn_registration][INFO] - ...Import Node omni.graph.visualization.nodes.ogn.nodes.OgnDrawLine into <module 'omni.graph.visualization.nodes.ogn.nodes.OgnDrawLine' from 'd:\\users\\arons\\robot-learning-rl-project\\isaac_so_arm101-main\\.venv\\lib\\site-packages\\isaacsim\\extscache\\omni.graph.visualization.nodes-2.1.3\\omni\\graph\\visualization\\nodes\\ogn\\nodes\\OgnDrawLine.py'> from d:\users\arons\robot-learning-rl-project\isaac_so_arm101-main\.venv\lib\site-packages\isaacsim\extscache\omni.graph.visualization.nodes-2.1.3\omni\graph\visualization\nodes\ogn\nodes\OgnDrawLine.py
[2026-05-15 16:29:34,089][ogn_registration][INFO] - Importing module omni.graph.visualization.nodes.ogn.tests.TestOgnDrawLine from d:\users\arons\robot-learning-rl-project\isaac_so_arm101-main\.venv\lib\site-packages\isaacsim\extscache\omni.graph.visualization.nodes-2.1.3\omni\graph\visualization\nodes\ogn\tests\TestOgnDrawLine.py
[2026-05-15 16:29:34,090][ogn_registration][INFO] - ... created the module as <module 'omni.graph.visualization.nodes.ogn.tests.TestOgnDrawLine' from 'd:\\users\\arons\\robot-learning-rl-project\\isaac_so_arm101-main\\.venv\\lib\\site-packages\\isaacsim\\extscache\\omni.graph.visualization.nodes-2.1.3\\omni\\graph\\visualization\\nodes\\ogn\\tests\\TestOgnDrawLine.py'>
[2026-05-15 16:29:34,090][ogn_registration][INFO] - ...Imported test omni.graph.visualization.nodes.ogn.tests.TestOgnDrawLine into <module 'omni.graph.visualization.nodes.ogn.tests.TestOgnDrawLine' from 'd:\\users\\arons\\robot-learning-rl-project\\isaac_so_arm101-main\\.venv\\lib\\site-packages\\isaacsim\\extscache\\omni.graph.visualization.nodes-2.1.3\\omni\\graph\\visualization\\nodes\\ogn\\tests\\TestOgnDrawLine.py'> from d:\users\arons\robot-learning-rl-project\isaac_so_arm101-main\.venv\lib\site-packages\isaacsim\extscache\omni.graph.visualization.nodes-2.1.3\omni\graph\visualization\nodes\ogn\tests\TestOgnDrawLine.py
[2026-05-15 16:29:34,090][ogn_registration][INFO] - Importing module omni.graph.visualization.nodes.ogn.OgnDrawScreenSpaceTextDatabase from d:\users\arons\robot-learning-rl-project\isaac_so_arm101-main\.venv\lib\site-packages\isaacsim\extscache\omni.graph.visualization.nodes-2.1.3\omni\graph\visualization\nodes\ogn\OgnDrawScreenSpaceTextDatabase.py
[2026-05-15 16:29:34,094][ogn_registration][INFO] - ... created the module as <module 'omni.graph.visualization.nodes.ogn.OgnDrawScreenSpaceTextDatabase' from 'd:\\users\\arons\\robot-learning-rl-project\\isaac_so_arm101-main\\.venv\\lib\\site-packages\\isaacsim\\extscache\\omni.graph.visualization.nodes-2.1.3\\omni\\graph\\visualization\\nodes\\ogn\\OgnDrawScreenSpaceTextDatabase.py'>
[2026-05-15 16:29:34,094][ogn_registration][INFO] - ...Import DB omni.graph.visualization.nodes.ogn.OgnDrawScreenSpaceTextDatabase into ['OgnDrawScreenSpaceTextDatabase', '__builtins__', '__cached__', '__doc__', '__file__', '__loader__', '__name__', '__package__', '__spec__', '_og', 'numpy', 'og', 'ogn', 'sys', 'traceback'] from d:\users\arons\robot-learning-rl-project\isaac_so_arm101-main\.venv\lib\site-packages\isaacsim\extscache\omni.graph.visualization.nodes-2.1.3\omni\graph\visualization\nodes\ogn\OgnDrawScreenSpaceTextDatabase.py
[2026-05-15 16:29:34,095][ogn_registration][INFO] - Importing module omni.graph.visualization.nodes.ogn.nodes.OgnDrawScreenSpaceText from d:\users\arons\robot-learning-rl-project\isaac_so_arm101-main\.venv\lib\site-packages\isaacsim\extscache\omni.graph.visualization.nodes-2.1.3\omni\graph\visualization\nodes\ogn\nodes\OgnDrawScreenSpaceText.py
[2026-05-15 16:29:34,097][ogn_registration][INFO] - ... created the module as <module 'omni.graph.visualization.nodes.ogn.nodes.OgnDrawScreenSpaceText' from 'd:\\users\\arons\\robot-learning-rl-project\\isaac_so_arm101-main\\.venv\\lib\\site-packages\\isaacsim\\extscache\\omni.graph.visualization.nodes-2.1.3\\omni\\graph\\visualization\\nodes\\ogn\\nodes\\OgnDrawScreenSpaceText.py'>
[2026-05-15 16:29:34,097][ogn_registration][INFO] - ...Import Node omni.graph.visualization.nodes.ogn.nodes.OgnDrawScreenSpaceText into <module 'omni.graph.visualization.nodes.ogn.nodes.OgnDrawScreenSpaceText' from 'd:\\users\\arons\\robot-learning-rl-project\\isaac_so_arm101-main\\.venv\\lib\\site-packages\\isaacsim\\extscache\\omni.graph.visualization.nodes-2.1.3\\omni\\graph\\visualization\\nodes\\ogn\\nodes\\OgnDrawScreenSpaceText.py'> from d:\users\arons\robot-learning-rl-project\isaac_so_arm101-main\.venv\lib\site-packages\isaacsim\extscache\omni.graph.visualization.nodes-2.1.3\omni\graph\visualization\nodes\ogn\nodes\OgnDrawScreenSpaceText.py
[2026-05-15 16:29:34,097][ogn_registration][INFO] - Importing module omni.graph.visualization.nodes.ogn.tests.TestOgnDrawScreenSpaceText from d:\users\arons\robot-learning-rl-project\isaac_so_arm101-main\.venv\lib\site-packages\isaacsim\extscache\omni.graph.visualization.nodes-2.1.3\omni\graph\visualization\nodes\ogn\tests\TestOgnDrawScreenSpaceText.py
[2026-05-15 16:29:34,099][ogn_registration][INFO] - ... created the module as <module 'omni.graph.visualization.nodes.ogn.tests.TestOgnDrawScreenSpaceText' from 'd:\\users\\arons\\robot-learning-rl-project\\isaac_so_arm101-main\\.venv\\lib\\site-packages\\isaacsim\\extscache\\omni.graph.visualization.nodes-2.1.3\\omni\\graph\\visualization\\nodes\\ogn\\tests\\TestOgnDrawScreenSpaceText.py'>
[2026-05-15 16:29:34,099][ogn_registration][INFO] - ...Imported test omni.graph.visualization.nodes.ogn.tests.TestOgnDrawScreenSpaceText into <module 'omni.graph.visualization.nodes.ogn.tests.TestOgnDrawScreenSpaceText' from 'd:\\users\\arons\\robot-learning-rl-project\\isaac_so_arm101-main\\.venv\\lib\\site-packages\\isaacsim\\extscache\\omni.graph.visualization.nodes-2.1.3\\omni\\graph\\visualization\\nodes\\ogn\\tests\\TestOgnDrawScreenSpaceText.py'> from d:\users\arons\robot-learning-rl-project\isaac_so_arm101-main\.venv\lib\site-packages\isaacsim\extscache\omni.graph.visualization.nodes-2.1.3\omni\graph\visualization\nodes\ogn\tests\TestOgnDrawScreenSpaceText.py
[2026-05-15 16:29:34,099][ogn_registration][INFO] - omni.graph.visualization.nodes: Time to import the generated objects = 0.059283
[2026-05-15 16:29:34,100][ogn_registration][INFO] - Registering the nodes in omni.graph.visualization.nodes
[2026-05-15 16:29:34,100][ogn_registration][INFO] - -- node implementations {'OgnDrawLabelDatabase': <class 'omni.graph.visualization.nodes.ogn.nodes.OgnDrawLabel.OgnDrawLabel'>, 'OgnDrawLineDatabase': <class 'omni.graph.visualization.nodes.ogn.nodes.OgnDrawLine.OgnDrawLine'>, 'OgnDrawScreenSpaceTextDatabase': <class 'omni.graph.visualization.nodes.ogn.nodes.OgnDrawScreenSpaceText.OgnDrawScreenSpaceText'>}
[2026-05-15 16:29:34,100][ogn_registration][INFO] - Found the database class <class 'omni.graph.visualization.nodes.ogn.OgnDrawLabelDatabase.OgnDrawLabelDatabase'> with node module <class 'omni.graph.visualization.nodes.ogn.nodes.OgnDrawLabel.OgnDrawLabel'>
[2026-05-15 16:29:34,121][ogn_registration][INFO] - Registered okay, adding the deregister function <function OgnDrawLabelDatabase.deregister at 0x000001BB02364360>
[2026-05-15 16:29:34,121][ogn_registration][INFO] - ...Registered through database OgnDrawLabelDatabase
[2026-05-15 16:29:34,121][ogn_registration][INFO] - Found the database class <class 'omni.graph.visualization.nodes.ogn.OgnDrawLineDatabase.OgnDrawLineDatabase'> with node module <class 'omni.graph.visualization.nodes.ogn.nodes.OgnDrawLine.OgnDrawLine'>
[2026-05-15 16:29:34,122][ogn_registration][INFO] - Registered okay, adding the deregister function <function OgnDrawLineDatabase.deregister at 0x000001BB02365DA0>
[2026-05-15 16:29:34,122][ogn_registration][INFO] - ...Registered through database OgnDrawLineDatabase
[2026-05-15 16:29:34,122][ogn_registration][INFO] - Found the database class <class 'omni.graph.visualization.nodes.ogn.OgnDrawScreenSpaceTextDatabase.OgnDrawScreenSpaceTextDatabase'> with node module <class 'omni.graph.visualization.nodes.ogn.nodes.OgnDrawScreenSpaceText.OgnDrawScreenSpaceText'>
[2026-05-15 16:29:34,123][ogn_registration][INFO] - Registered okay, adding the deregister function <function OgnDrawScreenSpaceTextDatabase.deregister at 0x000001BB02367A60>
[2026-05-15 16:29:34,123][ogn_registration][INFO] - ...Registered through database OgnDrawScreenSpaceTextDatabase
[2026-05-15 16:29:34,123][ogn_registration][INFO] - omni.graph.visualization.nodes: Time to register the generated objects = 0.023833
[2026-05-15 16:29:34,123][ogn_registration][INFO] - OGN register omni.graph.visualization.nodes-2.1.3 took 129600000.000000
[2026-05-15 16:29:34,214][ogn_registration][INFO] - Looking for Python nodes to register in omni.kit.browser.folder.core-1.10.9
[2026-05-15 16:29:34,214][ogn_registration][INFO] -  -> Registered nodes from module omni.kit.browser.folder.core at d:\users\arons\robot-learning-rl-project\isaac_so_arm101-main\.venv\lib\site-packages\isaacsim\extscache\omni.kit.browser.folder.core-1.10.9
[2026-05-15 16:29:34,215][ogn_registration][INFO] - Registering nodes in d:\users\arons\robot-learning-rl-project\isaac_so_arm101-main\.venv\lib\site-packages\isaacsim\extscache\omni.kit.browser.folder.core-1.10.9 imported as omni.kit.browser.folder.core with AutoNode config {}
[2026-05-15 16:29:34,215][ogn_registration][INFO] - Registering Python Node Types from omni.kit.browser.folder.core at d:\users\arons\robot-learning-rl-project\isaac_so_arm101-main\.venv\lib\site-packages\isaacsim\extscache\omni.kit.browser.folder.core-1.10.9 in omni.kit.browser.folder.core
[2026-05-15 16:29:34,215][ogn_registration][INFO] - ========================================================================================================================
[2026-05-15 16:29:34,216][ogn_registration][INFO] - No dependency on omni.graph, therefore no nodes to register in omni.kit.browser.folder.core
[2026-05-15 16:29:34,217][ogn_registration][INFO] - ...None found, no registration to do
[2026-05-15 16:29:34,217][ogn_registration][INFO] - ...Skipping: No OmniGraph presence in the module omni.kit.browser.folder.core - No nodes in this module, do not remember it
[2026-05-15 16:29:34,217][ogn_registration][INFO] - Destroying registration record for omni.kit.browser.folder.core
[2026-05-15 16:29:34,217][ogn_registration][INFO] - OGN register omni.kit.browser.folder.core-1.10.9 took 2911500.000000
[2026-05-15 16:29:34,274][ogn_registration][INFO] - Looking for Python nodes to register in isaacsim.gui.components-1.2.1
[2026-05-15 16:29:34,274][ogn_registration][INFO] -  -> Registered nodes from module isaacsim.gui.components at d:\users\arons\robot-learning-rl-project\isaac_so_arm101-main\.venv\lib\site-packages\isaacsim\exts\isaacsim.gui.components
[2026-05-15 16:29:34,275][ogn_registration][INFO] - Registering nodes in d:\users\arons\robot-learning-rl-project\isaac_so_arm101-main\.venv\lib\site-packages\isaacsim\exts\isaacsim.gui.components imported as isaacsim.gui.components with AutoNode config {}
[2026-05-15 16:29:34,275][ogn_registration][INFO] - Registering Python Node Types from isaacsim.gui.components at d:\users\arons\robot-learning-rl-project\isaac_so_arm101-main\.venv\lib\site-packages\isaacsim\exts\isaacsim.gui.components in isaacsim.gui.components
[2026-05-15 16:29:34,275][ogn_registration][INFO] - ========================================================================================================================
[2026-05-15 16:29:34,277][ogn_registration][INFO] - Finding OmniGraph extension content manager for isaacsim.gui.components-1.2.1 in module isaacsim.gui.components at d:\users\arons\robot-learning-rl-project\isaac_so_arm101-main\.venv\lib\site-packages\isaacsim\exts\isaacsim.gui.components
[2026-05-15 16:29:34,277][ogn_registration][INFO] - -> New generated folder d:\users\arons\robot-learning-rl-project\isaac_so_arm101-main\.venv\lib\site-packages\isaacsim\exts\isaacsim.gui.components\ogn\isaacsim.gui.components is not a directory
[2026-05-15 16:29:34,278][ogn_registration][INFO] - -> Old ogn/ folder d:\users\arons\robot-learning-rl-project\isaac_so_arm101-main\.venv\lib\site-packages\isaacsim\exts\isaacsim.gui.components\isaacsim\gui\components\ogn is not a directory
[2026-05-15 16:29:34,278][ogn_registration][INFO] - _walk_with_excludes(start=d:\users\arons\robot-learning-rl-project\isaac_so_arm101-main\.venv\lib\site-packages\isaacsim\exts\isaacsim.gui.components\isaacsim\gui\components, exclude=['__pycache__'])
[2026-05-15 16:29:34,280][ogn_registration][INFO] -    ... walked d:/users/arons/robot-learning-rl-project/isaac_so_arm101-main/.venv/lib/site-packages/isaacsim/exts/isaacsim.gui.components/isaacsim/gui/components, ['element_wrappers', 'tests'], ['callbacks.py', 'dpad.py', 'menu.py', 'print_to_screen.py', 'style.py', 'ui_utils.py', 'widgets.py', '__init__.py']
[2026-05-15 16:29:34,281][ogn_registration][INFO] -    ... walked d:/users/arons/robot-learning-rl-project/isaac_so_arm101-main/.venv/lib/site-packages/isaacsim/exts/isaacsim.gui.components/isaacsim/gui/components/element_wrappers, [], ['base_ui_element_wrappers.py', 'ui_widget_wrappers.py', '__init__.py']
[2026-05-15 16:29:34,281][ogn_registration][INFO] -    ... walked d:/users/arons/robot-learning-rl-project/isaac_so_arm101-main/.venv/lib/site-packages/isaacsim/exts/isaacsim.gui.components/isaacsim/gui/components/tests, [], ['test_screen_printer.py', 'test_ui.py', 'test_ui_widget_wrappers.py', '__init__.py']
[2026-05-15 16:29:34,282][ogn_registration][INFO] - -> Extension contents not recognized as containing OmniGraph Python information
[2026-05-15 16:29:34,282][ogn_registration][INFO] - ...None found, no registration to do
[2026-05-15 16:29:34,283][ogn_registration][INFO] - ...Skipping: No OmniGraph presence in the module isaacsim.gui.components - No nodes in this module, do not remember it
[2026-05-15 16:29:34,283][ogn_registration][INFO] - Destroying registration record for isaacsim.gui.components
[2026-05-15 16:29:34,283][ogn_registration][INFO] -  -> Registered nodes from module isaacsim.gui.components.tests at d:\users\arons\robot-learning-rl-project\isaac_so_arm101-main\.venv\lib\site-packages\isaacsim\exts\isaacsim.gui.components
[2026-05-15 16:29:34,283][ogn_registration][INFO] - Registering nodes in d:\users\arons\robot-learning-rl-project\isaac_so_arm101-main\.venv\lib\site-packages\isaacsim\exts\isaacsim.gui.components imported as isaacsim.gui.components.tests with AutoNode config {}
[2026-05-15 16:29:34,283][ogn_registration][INFO] - Registering Python Node Types from isaacsim.gui.components.tests at d:\users\arons\robot-learning-rl-project\isaac_so_arm101-main\.venv\lib\site-packages\isaacsim\exts\isaacsim.gui.components in isaacsim.gui.components
[2026-05-15 16:29:34,283][ogn_registration][INFO] - ========================================================================================================================
[2026-05-15 16:29:34,285][ogn_registration][INFO] - Finding OmniGraph extension content manager for isaacsim.gui.components-1.2.1 in module isaacsim.gui.components.tests at d:\users\arons\robot-learning-rl-project\isaac_so_arm101-main\.venv\lib\site-packages\isaacsim\exts\isaacsim.gui.components
[2026-05-15 16:29:34,286][ogn_registration][INFO] - -> New generated folder d:\users\arons\robot-learning-rl-project\isaac_so_arm101-main\.venv\lib\site-packages\isaacsim\exts\isaacsim.gui.components\ogn\isaacsim.gui.components.tests is not a directory
[2026-05-15 16:29:34,287][ogn_registration][INFO] - -> Old ogn/ folder d:\users\arons\robot-learning-rl-project\isaac_so_arm101-main\.venv\lib\site-packages\isaacsim\exts\isaacsim.gui.components\isaacsim\gui\components\tests\ogn is not a directory
[2026-05-15 16:29:34,287][ogn_registration][INFO] - _walk_with_excludes(start=d:\users\arons\robot-learning-rl-project\isaac_so_arm101-main\.venv\lib\site-packages\isaacsim\exts\isaacsim.gui.components\isaacsim\gui\components\tests, exclude=['__pycache__'])
[2026-05-15 16:29:34,287][ogn_registration][INFO] -    ... walked d:/users/arons/robot-learning-rl-project/isaac_so_arm101-main/.venv/lib/site-packages/isaacsim/exts/isaacsim.gui.components/isaacsim/gui/components/tests, [], ['test_screen_printer.py', 'test_ui.py', 'test_ui_widget_wrappers.py', '__init__.py']
[2026-05-15 16:29:34,287][ogn_registration][INFO] - -> Extension contents not recognized as containing OmniGraph Python information
[2026-05-15 16:29:34,288][ogn_registration][INFO] - ...None found, no registration to do
[2026-05-15 16:29:34,288][ogn_registration][INFO] - ...Skipping: No OmniGraph presence in the module isaacsim.gui.components.tests - No nodes in this module, do not remember it
[2026-05-15 16:29:34,288][ogn_registration][INFO] - Destroying registration record for isaacsim.gui.components
[2026-05-15 16:29:34,289][ogn_registration][INFO] - OGN register isaacsim.gui.components-1.2.1 took 14350700.000000
[2026-05-15 16:29:34,317][ogn_registration][INFO] - Looking for Python nodes to register in isaacsim.examples.browser-0.2.1
[2026-05-15 16:29:34,317][ogn_registration][INFO] -  -> Registered nodes from module isaacsim.examples.browser at d:\users\arons\robot-learning-rl-project\isaac_so_arm101-main\.venv\lib\site-packages\isaacsim\exts\isaacsim.examples.browser
[2026-05-15 16:29:34,317][ogn_registration][INFO] - Registering nodes in d:\users\arons\robot-learning-rl-project\isaac_so_arm101-main\.venv\lib\site-packages\isaacsim\exts\isaacsim.examples.browser imported as isaacsim.examples.browser with AutoNode config {}
[2026-05-15 16:29:34,317][ogn_registration][INFO] - Registering Python Node Types from isaacsim.examples.browser at d:\users\arons\robot-learning-rl-project\isaac_so_arm101-main\.venv\lib\site-packages\isaacsim\exts\isaacsim.examples.browser in isaacsim.examples.browser
[2026-05-15 16:29:34,318][ogn_registration][INFO] - ========================================================================================================================
[2026-05-15 16:29:34,320][ogn_registration][INFO] - No dependency on omni.graph, therefore no nodes to register in isaacsim.examples.browser
[2026-05-15 16:29:34,320][ogn_registration][INFO] - ...None found, no registration to do
[2026-05-15 16:29:34,320][ogn_registration][INFO] - ...Skipping: No OmniGraph presence in the module isaacsim.examples.browser - No nodes in this module, do not remember it
[2026-05-15 16:29:34,321][ogn_registration][INFO] - Destroying registration record for isaacsim.examples.browser
[2026-05-15 16:29:34,321][ogn_registration][INFO] - OGN register isaacsim.examples.browser-0.2.1 took 3350800.000000
[2026-05-15 16:29:34,515][ogn_registration][INFO] - Looking for Python nodes to register in isaacsim.asset.importer.urdf-2.4.30
[2026-05-15 16:29:34,515][ogn_registration][INFO] -  -> Registered nodes from module isaacsim.asset.importer.urdf at d:\users\arons\robot-learning-rl-project\isaac_so_arm101-main\.venv\lib\site-packages\isaacsim\exts\isaacsim.asset.importer.urdf
[2026-05-15 16:29:34,515][ogn_registration][INFO] - Registering nodes in d:\users\arons\robot-learning-rl-project\isaac_so_arm101-main\.venv\lib\site-packages\isaacsim\exts\isaacsim.asset.importer.urdf imported as isaacsim.asset.importer.urdf with AutoNode config {}
[2026-05-15 16:29:34,516][ogn_registration][INFO] - Registering Python Node Types from isaacsim.asset.importer.urdf at d:\users\arons\robot-learning-rl-project\isaac_so_arm101-main\.venv\lib\site-packages\isaacsim\exts\isaacsim.asset.importer.urdf in isaacsim.asset.importer.urdf
[2026-05-15 16:29:34,516][ogn_registration][INFO] - ========================================================================================================================
[2026-05-15 16:29:34,518][ogn_registration][INFO] - Finding OmniGraph extension content manager for isaacsim.asset.importer.urdf-2.4.30 in module isaacsim.asset.importer.urdf at d:\users\arons\robot-learning-rl-project\isaac_so_arm101-main\.venv\lib\site-packages\isaacsim\exts\isaacsim.asset.importer.urdf
[2026-05-15 16:29:34,519][ogn_registration][INFO] - -> New generated folder d:\users\arons\robot-learning-rl-project\isaac_so_arm101-main\.venv\lib\site-packages\isaacsim\exts\isaacsim.asset.importer.urdf\ogn\isaacsim.asset.importer.urdf is not a directory
[2026-05-15 16:29:34,519][ogn_registration][INFO] - -> Old ogn/ folder d:\users\arons\robot-learning-rl-project\isaac_so_arm101-main\.venv\lib\site-packages\isaacsim\exts\isaacsim.asset.importer.urdf\isaacsim\asset\importer\urdf\ogn is not a directory
[2026-05-15 16:29:34,519][ogn_registration][INFO] - _walk_with_excludes(start=d:\users\arons\robot-learning-rl-project\isaac_so_arm101-main\.venv\lib\site-packages\isaacsim\exts\isaacsim.asset.importer.urdf\isaacsim\asset\importer\urdf, exclude=['__pycache__'])
[2026-05-15 16:29:34,521][ogn_registration][INFO] -    ... walked d:/users/arons/robot-learning-rl-project/isaac_so_arm101-main/.venv/lib/site-packages/isaacsim/exts/isaacsim.asset.importer.urdf/isaacsim/asset/importer/urdf, ['impl', 'tests'], ['_urdf.cp311-win_amd64.lib', '_urdf.cp311-win_amd64.pyd', '__init__.py']
[2026-05-15 16:29:34,523][ogn_registration][INFO] -    ... walked d:/users/arons/robot-learning-rl-project/isaac_so_arm101-main/.venv/lib/site-packages/isaacsim/exts/isaacsim.asset.importer.urdf/isaacsim/asset/importer/urdf/impl, ['samples', 'ui'], ['commands.py', 'extension.py', '__init__.py']
[2026-05-15 16:29:34,524][ogn_registration][INFO] -    ... walked d:/users/arons/robot-learning-rl-project/isaac_so_arm101-main/.venv/lib/site-packages/isaacsim/exts/isaacsim.asset.importer.urdf/isaacsim/asset/importer/urdf/impl/samples, [], ['common.py', 'import_carter.py', 'import_franka.py', 'import_kaya.py', 'import_ur10.py']
[2026-05-15 16:29:34,524][ogn_registration][INFO] -    ... walked d:/users/arons/robot-learning-rl-project/isaac_so_arm101-main/.venv/lib/site-packages/isaacsim/exts/isaacsim.asset.importer.urdf/isaacsim/asset/importer/urdf/impl/ui, [], ['menu.py', 'resetable_widget.py', 'style.py', 'ui_utils.py', 'UrdfJointWidgetWithID.py', 'UrdfLinkWidget.py', 'UrdfOptionWidget.py', '__init__.py']
[2026-05-15 16:29:34,525][ogn_registration][INFO] -    ... walked d:/users/arons/robot-learning-rl-project/isaac_so_arm101-main/.venv/lib/site-packages/isaacsim/exts/isaacsim.asset.importer.urdf/isaacsim/asset/importer/urdf/tests, [], ['test_docstring.py', 'test_urdf.py', '__init__.py']
[2026-05-15 16:29:34,525][ogn_registration][INFO] - -> Extension contents not recognized as containing OmniGraph Python information
[2026-05-15 16:29:34,526][ogn_registration][INFO] - ...None found, no registration to do
[2026-05-15 16:29:34,526][ogn_registration][INFO] - ...Skipping: No OmniGraph presence in the module isaacsim.asset.importer.urdf - No nodes in this module, do not remember it
[2026-05-15 16:29:34,526][ogn_registration][INFO] - Destroying registration record for isaacsim.asset.importer.urdf
[2026-05-15 16:29:34,526][ogn_registration][INFO] -  -> Registered nodes from module isaacsim.asset.importer.urdf.tests at d:\users\arons\robot-learning-rl-project\isaac_so_arm101-main\.venv\lib\site-packages\isaacsim\exts\isaacsim.asset.importer.urdf
[2026-05-15 16:29:34,526][ogn_registration][INFO] - Registering nodes in d:\users\arons\robot-learning-rl-project\isaac_so_arm101-main\.venv\lib\site-packages\isaacsim\exts\isaacsim.asset.importer.urdf imported as isaacsim.asset.importer.urdf.tests with AutoNode config {}
[2026-05-15 16:29:34,527][ogn_registration][INFO] - Registering Python Node Types from isaacsim.asset.importer.urdf.tests at d:\users\arons\robot-learning-rl-project\isaac_so_arm101-main\.venv\lib\site-packages\isaacsim\exts\isaacsim.asset.importer.urdf in isaacsim.asset.importer.urdf
[2026-05-15 16:29:34,527][ogn_registration][INFO] - ========================================================================================================================
[2026-05-15 16:29:34,529][ogn_registration][INFO] - Finding OmniGraph extension content manager for isaacsim.asset.importer.urdf-2.4.30 in module isaacsim.asset.importer.urdf.tests at d:\users\arons\robot-learning-rl-project\isaac_so_arm101-main\.venv\lib\site-packages\isaacsim\exts\isaacsim.asset.importer.urdf
[2026-05-15 16:29:34,530][ogn_registration][INFO] - -> New generated folder d:\users\arons\robot-learning-rl-project\isaac_so_arm101-main\.venv\lib\site-packages\isaacsim\exts\isaacsim.asset.importer.urdf\ogn\isaacsim.asset.importer.urdf.tests is not a directory
[2026-05-15 16:29:34,530][ogn_registration][INFO] - -> Old ogn/ folder d:\users\arons\robot-learning-rl-project\isaac_so_arm101-main\.venv\lib\site-packages\isaacsim\exts\isaacsim.asset.importer.urdf\isaacsim\asset\importer\urdf\tests\ogn is not a directory
[2026-05-15 16:29:34,531][ogn_registration][INFO] - _walk_with_excludes(start=d:\users\arons\robot-learning-rl-project\isaac_so_arm101-main\.venv\lib\site-packages\isaacsim\exts\isaacsim.asset.importer.urdf\isaacsim\asset\importer\urdf\tests, exclude=['__pycache__'])
[2026-05-15 16:29:34,531][ogn_registration][INFO] -    ... walked d:/users/arons/robot-learning-rl-project/isaac_so_arm101-main/.venv/lib/site-packages/isaacsim/exts/isaacsim.asset.importer.urdf/isaacsim/asset/importer/urdf/tests, [], ['test_docstring.py', 'test_urdf.py', '__init__.py']
[2026-05-15 16:29:34,532][ogn_registration][INFO] - -> Extension contents not recognized as containing OmniGraph Python information
[2026-05-15 16:29:34,532][ogn_registration][INFO] - ...None found, no registration to do
[2026-05-15 16:29:34,532][ogn_registration][INFO] - ...Skipping: No OmniGraph presence in the module isaacsim.asset.importer.urdf.tests - No nodes in this module, do not remember it
[2026-05-15 16:29:34,533][ogn_registration][INFO] - Destroying registration record for isaacsim.asset.importer.urdf
[2026-05-15 16:29:34,533][ogn_registration][INFO] -  -> Registered nodes from module isaacsim.asset.importer.urdf.impl.ui at d:\users\arons\robot-learning-rl-project\isaac_so_arm101-main\.venv\lib\site-packages\isaacsim\exts\isaacsim.asset.importer.urdf
[2026-05-15 16:29:34,533][ogn_registration][INFO] - Registering nodes in d:\users\arons\robot-learning-rl-project\isaac_so_arm101-main\.venv\lib\site-packages\isaacsim\exts\isaacsim.asset.importer.urdf imported as isaacsim.asset.importer.urdf.impl.ui with AutoNode config {}
[2026-05-15 16:29:34,533][ogn_registration][INFO] - Registering Python Node Types from isaacsim.asset.importer.urdf.impl.ui at d:\users\arons\robot-learning-rl-project\isaac_so_arm101-main\.venv\lib\site-packages\isaacsim\exts\isaacsim.asset.importer.urdf in isaacsim.asset.importer.urdf
[2026-05-15 16:29:34,534][ogn_registration][INFO] - ========================================================================================================================
[2026-05-15 16:29:34,536][ogn_registration][INFO] - Finding OmniGraph extension content manager for isaacsim.asset.importer.urdf-2.4.30 in module isaacsim.asset.importer.urdf.impl.ui at d:\users\arons\robot-learning-rl-project\isaac_so_arm101-main\.venv\lib\site-packages\isaacsim\exts\isaacsim.asset.importer.urdf
[2026-05-15 16:29:34,537][ogn_registration][INFO] - -> New generated folder d:\users\arons\robot-learning-rl-project\isaac_so_arm101-main\.venv\lib\site-packages\isaacsim\exts\isaacsim.asset.importer.urdf\ogn\isaacsim.asset.importer.urdf.impl.ui is not a directory
[2026-05-15 16:29:34,537][ogn_registration][INFO] - -> Old ogn/ folder d:\users\arons\robot-learning-rl-project\isaac_so_arm101-main\.venv\lib\site-packages\isaacsim\exts\isaacsim.asset.importer.urdf\isaacsim\asset\importer\urdf\impl\ui\ogn is not a directory
[2026-05-15 16:29:34,538][ogn_registration][INFO] - _walk_with_excludes(start=d:\users\arons\robot-learning-rl-project\isaac_so_arm101-main\.venv\lib\site-packages\isaacsim\exts\isaacsim.asset.importer.urdf\isaacsim\asset\importer\urdf\impl\ui, exclude=['__pycache__'])
[2026-05-15 16:29:34,538][ogn_registration][INFO] -    ... walked d:/users/arons/robot-learning-rl-project/isaac_so_arm101-main/.venv/lib/site-packages/isaacsim/exts/isaacsim.asset.importer.urdf/isaacsim/asset/importer/urdf/impl/ui, [], ['menu.py', 'resetable_widget.py', 'style.py', 'ui_utils.py', 'UrdfJointWidgetWithID.py', 'UrdfLinkWidget.py', 'UrdfOptionWidget.py', '__init__.py']
[2026-05-15 16:29:34,539][ogn_registration][INFO] - -> Extension contents not recognized as containing OmniGraph Python information
[2026-05-15 16:29:34,539][ogn_registration][INFO] - ...None found, no registration to do
[2026-05-15 16:29:34,539][ogn_registration][INFO] - ...Skipping: No OmniGraph presence in the module isaacsim.asset.importer.urdf.impl.ui - No nodes in this module, do not remember it
[2026-05-15 16:29:34,540][ogn_registration][INFO] - Destroying registration record for isaacsim.asset.importer.urdf
[2026-05-15 16:29:34,540][ogn_registration][INFO] -  -> Registered nodes from module isaacsim.asset.importer.urdf.impl.samples.import_carter at d:\users\arons\robot-learning-rl-project\isaac_so_arm101-main\.venv\lib\site-packages\isaacsim\exts\isaacsim.asset.importer.urdf
[2026-05-15 16:29:34,541][ogn_registration][INFO] - Registering nodes in d:\users\arons\robot-learning-rl-project\isaac_so_arm101-main\.venv\lib\site-packages\isaacsim\exts\isaacsim.asset.importer.urdf imported as isaacsim.asset.importer.urdf.impl.samples.import_carter with AutoNode config {}
[2026-05-15 16:29:34,541][ogn_registration][INFO] - Registering Python Node Types from isaacsim.asset.importer.urdf.impl.samples.import_carter at d:\users\arons\robot-learning-rl-project\isaac_so_arm101-main\.venv\lib\site-packages\isaacsim\exts\isaacsim.asset.importer.urdf in isaacsim.asset.importer.urdf
[2026-05-15 16:29:34,541][ogn_registration][INFO] - ========================================================================================================================
[2026-05-15 16:29:34,544][ogn_registration][INFO] - Finding OmniGraph extension content manager for isaacsim.asset.importer.urdf-2.4.30 in module isaacsim.asset.importer.urdf.impl.samples.import_carter at d:\users\arons\robot-learning-rl-project\isaac_so_arm101-main\.venv\lib\site-packages\isaacsim\exts\isaacsim.asset.importer.urdf
[2026-05-15 16:29:34,545][ogn_registration][INFO] - -> New generated folder d:\users\arons\robot-learning-rl-project\isaac_so_arm101-main\.venv\lib\site-packages\isaacsim\exts\isaacsim.asset.importer.urdf\ogn\isaacsim.asset.importer.urdf.impl.samples.import_carter is not a directory
[2026-05-15 16:29:34,546][ogn_registration][INFO] - -> Old ogn/ folder d:\users\arons\robot-learning-rl-project\isaac_so_arm101-main\.venv\lib\site-packages\isaacsim\exts\isaacsim.asset.importer.urdf\isaacsim\asset\importer\urdf\impl\samples\import_carter\ogn is not a directory
[2026-05-15 16:29:34,546][ogn_registration][INFO] - _walk_with_excludes(start=d:\users\arons\robot-learning-rl-project\isaac_so_arm101-main\.venv\lib\site-packages\isaacsim\exts\isaacsim.asset.importer.urdf\isaacsim\asset\importer\urdf\impl\samples\import_carter, exclude=['__pycache__'])
[2026-05-15 16:29:34,546][ogn_registration][INFO] - -> Extension contents not recognized as containing OmniGraph Python information
[2026-05-15 16:29:34,547][ogn_registration][INFO] - ...None found, no registration to do
[2026-05-15 16:29:34,547][ogn_registration][INFO] - ...Skipping: No OmniGraph presence in the module isaacsim.asset.importer.urdf.impl.samples.import_carter - No nodes in this module, do not remember it
[2026-05-15 16:29:34,547][ogn_registration][INFO] - Destroying registration record for isaacsim.asset.importer.urdf
[2026-05-15 16:29:34,548][ogn_registration][INFO] -  -> Registered nodes from module isaacsim.asset.importer.urdf.impl.samples.import_franka at d:\users\arons\robot-learning-rl-project\isaac_so_arm101-main\.venv\lib\site-packages\isaacsim\exts\isaacsim.asset.importer.urdf
[2026-05-15 16:29:34,548][ogn_registration][INFO] - Registering nodes in d:\users\arons\robot-learning-rl-project\isaac_so_arm101-main\.venv\lib\site-packages\isaacsim\exts\isaacsim.asset.importer.urdf imported as isaacsim.asset.importer.urdf.impl.samples.import_franka with AutoNode config {}
[2026-05-15 16:29:34,548][ogn_registration][INFO] - Registering Python Node Types from isaacsim.asset.importer.urdf.impl.samples.import_franka at d:\users\arons\robot-learning-rl-project\isaac_so_arm101-main\.venv\lib\site-packages\isaacsim\exts\isaacsim.asset.importer.urdf in isaacsim.asset.importer.urdf
[2026-05-15 16:29:34,549][ogn_registration][INFO] - ========================================================================================================================
[2026-05-15 16:29:34,551][ogn_registration][INFO] - Finding OmniGraph extension content manager for isaacsim.asset.importer.urdf-2.4.30 in module isaacsim.asset.importer.urdf.impl.samples.import_franka at d:\users\arons\robot-learning-rl-project\isaac_so_arm101-main\.venv\lib\site-packages\isaacsim\exts\isaacsim.asset.importer.urdf
[2026-05-15 16:29:34,552][ogn_registration][INFO] - -> New generated folder d:\users\arons\robot-learning-rl-project\isaac_so_arm101-main\.venv\lib\site-packages\isaacsim\exts\isaacsim.asset.importer.urdf\ogn\isaacsim.asset.importer.urdf.impl.samples.import_franka is not a directory
[2026-05-15 16:29:34,552][ogn_registration][INFO] - -> Old ogn/ folder d:\users\arons\robot-learning-rl-project\isaac_so_arm101-main\.venv\lib\site-packages\isaacsim\exts\isaacsim.asset.importer.urdf\isaacsim\asset\importer\urdf\impl\samples\import_franka\ogn is not a directory
[2026-05-15 16:29:34,552][ogn_registration][INFO] - _walk_with_excludes(start=d:\users\arons\robot-learning-rl-project\isaac_so_arm101-main\.venv\lib\site-packages\isaacsim\exts\isaacsim.asset.importer.urdf\isaacsim\asset\importer\urdf\impl\samples\import_franka, exclude=['__pycache__'])
[2026-05-15 16:29:34,553][ogn_registration][INFO] - -> Extension contents not recognized as containing OmniGraph Python information
[2026-05-15 16:29:34,553][ogn_registration][INFO] - ...None found, no registration to do
[2026-05-15 16:29:34,554][ogn_registration][INFO] - ...Skipping: No OmniGraph presence in the module isaacsim.asset.importer.urdf.impl.samples.import_franka - No nodes in this module, do not remember it
[2026-05-15 16:29:34,554][ogn_registration][INFO] - Destroying registration record for isaacsim.asset.importer.urdf
[2026-05-15 16:29:34,554][ogn_registration][INFO] -  -> Registered nodes from module isaacsim.asset.importer.urdf.impl.samples.import_kaya at d:\users\arons\robot-learning-rl-project\isaac_so_arm101-main\.venv\lib\site-packages\isaacsim\exts\isaacsim.asset.importer.urdf
[2026-05-15 16:29:34,554][ogn_registration][INFO] - Registering nodes in d:\users\arons\robot-learning-rl-project\isaac_so_arm101-main\.venv\lib\site-packages\isaacsim\exts\isaacsim.asset.importer.urdf imported as isaacsim.asset.importer.urdf.impl.samples.import_kaya with AutoNode config {}
[2026-05-15 16:29:34,555][ogn_registration][INFO] - Registering Python Node Types from isaacsim.asset.importer.urdf.impl.samples.import_kaya at d:\users\arons\robot-learning-rl-project\isaac_so_arm101-main\.venv\lib\site-packages\isaacsim\exts\isaacsim.asset.importer.urdf in isaacsim.asset.importer.urdf
[2026-05-15 16:29:34,555][ogn_registration][INFO] - ========================================================================================================================
[2026-05-15 16:29:34,557][ogn_registration][INFO] - Finding OmniGraph extension content manager for isaacsim.asset.importer.urdf-2.4.30 in module isaacsim.asset.importer.urdf.impl.samples.import_kaya at d:\users\arons\robot-learning-rl-project\isaac_so_arm101-main\.venv\lib\site-packages\isaacsim\exts\isaacsim.asset.importer.urdf
[2026-05-15 16:29:34,558][ogn_registration][INFO] - -> New generated folder d:\users\arons\robot-learning-rl-project\isaac_so_arm101-main\.venv\lib\site-packages\isaacsim\exts\isaacsim.asset.importer.urdf\ogn\isaacsim.asset.importer.urdf.impl.samples.import_kaya is not a directory
[2026-05-15 16:29:34,558][ogn_registration][INFO] - -> Old ogn/ folder d:\users\arons\robot-learning-rl-project\isaac_so_arm101-main\.venv\lib\site-packages\isaacsim\exts\isaacsim.asset.importer.urdf\isaacsim\asset\importer\urdf\impl\samples\import_kaya\ogn is not a directory
[2026-05-15 16:29:34,558][ogn_registration][INFO] - _walk_with_excludes(start=d:\users\arons\robot-learning-rl-project\isaac_so_arm101-main\.venv\lib\site-packages\isaacsim\exts\isaacsim.asset.importer.urdf\isaacsim\asset\importer\urdf\impl\samples\import_kaya, exclude=['__pycache__'])
[2026-05-15 16:29:34,559][ogn_registration][INFO] - -> Extension contents not recognized as containing OmniGraph Python information
[2026-05-15 16:29:34,559][ogn_registration][INFO] - ...None found, no registration to do
[2026-05-15 16:29:34,559][ogn_registration][INFO] - ...Skipping: No OmniGraph presence in the module isaacsim.asset.importer.urdf.impl.samples.import_kaya - No nodes in this module, do not remember it
[2026-05-15 16:29:34,560][ogn_registration][INFO] - Destroying registration record for isaacsim.asset.importer.urdf
[2026-05-15 16:29:34,560][ogn_registration][INFO] -  -> Registered nodes from module isaacsim.asset.importer.urdf.impl.samples.import_ur10 at d:\users\arons\robot-learning-rl-project\isaac_so_arm101-main\.venv\lib\site-packages\isaacsim\exts\isaacsim.asset.importer.urdf
[2026-05-15 16:29:34,560][ogn_registration][INFO] - Registering nodes in d:\users\arons\robot-learning-rl-project\isaac_so_arm101-main\.venv\lib\site-packages\isaacsim\exts\isaacsim.asset.importer.urdf imported as isaacsim.asset.importer.urdf.impl.samples.import_ur10 with AutoNode config {}
[2026-05-15 16:29:34,561][ogn_registration][INFO] - Registering Python Node Types from isaacsim.asset.importer.urdf.impl.samples.import_ur10 at d:\users\arons\robot-learning-rl-project\isaac_so_arm101-main\.venv\lib\site-packages\isaacsim\exts\isaacsim.asset.importer.urdf in isaacsim.asset.importer.urdf
[2026-05-15 16:29:34,561][ogn_registration][INFO] - ========================================================================================================================
[2026-05-15 16:29:34,563][ogn_registration][INFO] - Finding OmniGraph extension content manager for isaacsim.asset.importer.urdf-2.4.30 in module isaacsim.asset.importer.urdf.impl.samples.import_ur10 at d:\users\arons\robot-learning-rl-project\isaac_so_arm101-main\.venv\lib\site-packages\isaacsim\exts\isaacsim.asset.importer.urdf
[2026-05-15 16:29:34,564][ogn_registration][INFO] - -> New generated folder d:\users\arons\robot-learning-rl-project\isaac_so_arm101-main\.venv\lib\site-packages\isaacsim\exts\isaacsim.asset.importer.urdf\ogn\isaacsim.asset.importer.urdf.impl.samples.import_ur10 is not a directory
[2026-05-15 16:29:34,564][ogn_registration][INFO] - -> Old ogn/ folder d:\users\arons\robot-learning-rl-project\isaac_so_arm101-main\.venv\lib\site-packages\isaacsim\exts\isaacsim.asset.importer.urdf\isaacsim\asset\importer\urdf\impl\samples\import_ur10\ogn is not a directory
[2026-05-15 16:29:34,564][ogn_registration][INFO] - _walk_with_excludes(start=d:\users\arons\robot-learning-rl-project\isaac_so_arm101-main\.venv\lib\site-packages\isaacsim\exts\isaacsim.asset.importer.urdf\isaacsim\asset\importer\urdf\impl\samples\import_ur10, exclude=['__pycache__'])
[2026-05-15 16:29:34,565][ogn_registration][INFO] - -> Extension contents not recognized as containing OmniGraph Python information
[2026-05-15 16:29:34,565][ogn_registration][INFO] - ...None found, no registration to do
[2026-05-15 16:29:34,565][ogn_registration][INFO] - ...Skipping: No OmniGraph presence in the module isaacsim.asset.importer.urdf.impl.samples.import_ur10 - No nodes in this module, do not remember it
[2026-05-15 16:29:34,566][ogn_registration][INFO] - Destroying registration record for isaacsim.asset.importer.urdf
[2026-05-15 16:29:34,566][ogn_registration][INFO] - OGN register isaacsim.asset.importer.urdf-2.4.30 took 50827100.000000
